Copyright 1986-2022 Xilinx, Inc. All Rights Reserved. Copyright 2022-2026 Advanced Micro Devices, Inc. All Rights Reserved.
---------------------------------------------------------------------------------------------------------------------------------------------------------------------------------------------------------------------------------
| Tool Version : Vivado v.2026.1 (win64) Build 6511674 Tue Jun 16 11:02:23 MDT 2026
| Date         : Sun Oct  4 10:11:50 2026
| Host         : LAPTOP-E4LD1OHV running 64-bit major release  (build 9200)
| Command      : report_timing_summary -max_paths 10 -routable_nets -report_unconstrained -file bnn_top_timing_summary_routed.rpt -pb bnn_top_timing_summary_routed.pb -rpx bnn_top_timing_summary_routed.rpx -warn_on_violation
| Design       : bnn_top
| Device       : 7s25-csga324
| Speed File   : -1  PRODUCTION 1.23 2018-06-13
| Design State : Routed
---------------------------------------------------------------------------------------------------------------------------------------------------------------------------------------------------------------------------------

Timing Summary Report

------------------------------------------------------------------------------------------------
| Timer Settings
| --------------
------------------------------------------------------------------------------------------------

  Enable Multi Corner Analysis               :  Yes
  Enable Pessimism Removal                   :  Yes
  Pessimism Removal Resolution               :  Nearest Common Node
  Enable Input Delay Default Clock           :  No
  Enable Preset / Clear Arcs                 :  No
  Disable Flight Delays                      :  No
  Ignore I/O Paths                           :  No
  Timing Early Launch at Borrowing Latches   :  No
  Borrow Time for Max Delay Exceptions       :  Yes
  Merge Timing Exceptions                    :  Yes
  Inter-SLR Compensation                     :  Conservative

  Corner  Analyze    Analyze    
  Name    Max Paths  Min Paths  
  ------  ---------  ---------  
  Slow    Yes        Yes        
  Fast    Yes        Yes        


------------------------------------------------------------------------------------------------
| Report Methodology
| ------------------
------------------------------------------------------------------------------------------------

Rule       Severity  Description                                 Violations  
---------  --------  ------------------------------------------  ----------  
SYNTH-6    Warning   Timing of a RAM block might be sub-optimal  13          
TIMING-18  Warning   Missing input or output delay               5           

Note: This report is based on the most recent report_methodology run and may not be up-to-date. Run report_methodology on the current design for the latest report.



check_timing report

Table of Contents
-----------------
1. checking no_clock (0)
2. checking constant_clock (0)
3. checking pulse_width_clock (0)
4. checking unconstrained_internal_endpoints (0)
5. checking no_input_delay (1)
6. checking no_output_delay (4)
7. checking multiple_clock (0)
8. checking generated_clocks (0)
9. checking loops (0)
10. checking partial_input_delay (0)
11. checking partial_output_delay (0)
12. checking latch_loops (0)

1. checking no_clock (0)
------------------------
 There are 0 register/latch pins with no clock.


2. checking constant_clock (0)
------------------------------
 There are 0 register/latch pins with constant_clock.


3. checking pulse_width_clock (0)
---------------------------------
 There are 0 register/latch pins which need pulse_width check


4. checking unconstrained_internal_endpoints (0)
------------------------------------------------
 There are 0 pins that are not constrained for maximum delay.

 There are 0 pins that are not constrained for maximum delay due to constant clock.


5. checking no_input_delay (1)
------------------------------
 There is 1 input port with no input delay specified. (HIGH)

 There are 0 input ports with no input delay but user has a false path constraint.


6. checking no_output_delay (4)
-------------------------------
 There are 4 ports with no output delay specified. (HIGH)

 There are 0 ports with no output delay but user has a false path constraint

 There are 0 ports with no output delay but with a timing clock defined on it or propagating through it


7. checking multiple_clock (0)
------------------------------
 There are 0 register/latch pins with multiple clocks.


8. checking generated_clocks (0)
--------------------------------
 There are 0 generated clocks that are not connected to a clock source.


9. checking loops (0)
---------------------
 There are 0 combinational loops in the design.


10. checking partial_input_delay (0)
------------------------------------
 There are 0 input ports with partial input delay specified.


11. checking partial_output_delay (0)
-------------------------------------
 There are 0 ports with partial output delay specified.


12. checking latch_loops (0)
----------------------------
 There are 0 combinational latch loops in the design through latch input



------------------------------------------------------------------------------------------------
| Design Timing Summary
| ---------------------
------------------------------------------------------------------------------------------------

    WNS(ns)      TNS(ns)  TNS Failing Endpoints  TNS Total Endpoints      WHS(ns)      THS(ns)  THS Failing Endpoints  THS Total Endpoints     WPWS(ns)     TPWS(ns)  TPWS Failing Endpoints  TPWS Total Endpoints  
    -------      -------  ---------------------  -------------------      -------      -------  ---------------------  -------------------     --------     --------  ----------------------  --------------------  
      0.335        0.000                      0                 2064        0.050        0.000                      0                 2064        4.500        0.000                       0                  1276  


All user specified timing constraints are met.


------------------------------------------------------------------------------------------------
| Clock Summary
| -------------
------------------------------------------------------------------------------------------------

Clock        Waveform(ns)       Period(ns)      Frequency(MHz)
-----        ------------       ----------      --------------
sys_clk_pin  {0.000 5.000}      10.000          100.000         


------------------------------------------------------------------------------------------------
| Intra Clock Table
| -----------------
------------------------------------------------------------------------------------------------

Clock             WNS(ns)      TNS(ns)  TNS Failing Endpoints  TNS Total Endpoints      WHS(ns)      THS(ns)  THS Failing Endpoints  THS Total Endpoints     WPWS(ns)     TPWS(ns)  TPWS Failing Endpoints  TPWS Total Endpoints  
-----             -------      -------  ---------------------  -------------------      -------      -------  ---------------------  -------------------     --------     --------  ----------------------  --------------------  
sys_clk_pin         0.335        0.000                      0                 2064        0.050        0.000                      0                 2064        4.500        0.000                       0                  1276  


------------------------------------------------------------------------------------------------
| Inter Clock Table
| -----------------
------------------------------------------------------------------------------------------------

From Clock    To Clock          WNS(ns)      TNS(ns)  TNS Failing Endpoints  TNS Total Endpoints      WHS(ns)      THS(ns)  THS Failing Endpoints  THS Total Endpoints  
----------    --------          -------      -------  ---------------------  -------------------      -------      -------  ---------------------  -------------------  


------------------------------------------------------------------------------------------------
| Other Path Groups Table
| -----------------------
------------------------------------------------------------------------------------------------

Path Group    From Clock    To Clock          WNS(ns)      TNS(ns)  TNS Failing Endpoints  TNS Total Endpoints      WHS(ns)      THS(ns)  THS Failing Endpoints  THS Total Endpoints  
----------    ----------    --------          -------      -------  ---------------------  -------------------      -------      -------  ---------------------  -------------------  


------------------------------------------------------------------------------------------------
| User Ignored Path Table
| -----------------------
------------------------------------------------------------------------------------------------

Path Group    From Clock    To Clock    
----------    ----------    --------    


------------------------------------------------------------------------------------------------
| Unconstrained Path Table
| ------------------------
------------------------------------------------------------------------------------------------

Path Group    From Clock    To Clock    
----------    ----------    --------    
(none)        sys_clk_pin                 
(none)                      sys_clk_pin   


------------------------------------------------------------------------------------------------
| Timing Details
| --------------
------------------------------------------------------------------------------------------------


---------------------------------------------------------------------------------------------------
From Clock:  sys_clk_pin
  To Clock:  sys_clk_pin

Setup :            0  Failing Endpoints,  Worst Slack        0.335ns,  Total Violation        0.000ns
Hold  :            0  Failing Endpoints,  Worst Slack        0.050ns,  Total Violation        0.000ns
PW    :            0  Failing Endpoints,  Worst Slack        4.500ns,  Total Violation        0.000ns
---------------------------------------------------------------------------------------------------


Max Delay Paths
--------------------------------------------------------------------------------------
Slack (MET) :             0.335ns  (required time - arrival time)
  Source:                 L2/wmem/data_reg_0/CLKARDCLK
                            (rising edge-triggered cell RAMB36E1 clocked by sys_clk_pin  {rise@0.000ns fall@5.000ns period=10.000ns})
  Destination:            L2/neuron_n/count_reg[8]/D
                            (rising edge-triggered cell FDRE clocked by sys_clk_pin  {rise@0.000ns fall@5.000ns period=10.000ns})
  Path Group:             sys_clk_pin
  Path Type:              Setup (Max at Slow Process Corner)
  Requirement:            10.000ns  (sys_clk_pin rise@10.000ns - sys_clk_pin rise@0.000ns)
  Data Path Delay:        9.519ns  (logic 4.305ns (45.225%)  route 5.214ns (54.775%))
  Logic Levels:           9  (CARRY4=2 LUT3=2 LUT5=2 LUT6=3)
  Clock Path Skew:        -0.172ns (DCD - SCD + CPR)
    Destination Clock Delay (DCD):    4.222ns = ( 14.222 - 10.000 ) 
    Source Clock Delay      (SCD):    4.542ns
    Clock Pessimism Removal (CPR):    0.148ns
  Clock Uncertainty:      0.035ns  ((TSJ^2 + TIJ^2)^1/2 + DJ) / 2 + PE
    Total System Jitter     (TSJ):    0.071ns
    Total Input Jitter      (TIJ):    0.000ns
    Discrete Jitter          (DJ):    0.000ns
    Phase Error              (PE):    0.000ns

    Location             Delay type                Incr(ns)  Path(ns)    Netlist Resource(s)
  -------------------------------------------------------------------    -------------------
                         (clock sys_clk_pin rise edge)
                                                      0.000     0.000 r  <hidden>
    R2                                                0.000     0.000 r  clk
                         net (fo=0)                   0.000     0.000    clk
    R2                   IBUF (Prop_ibuf_I_O)         0.880     0.880 r  clk_IBUF_inst/O
                         net (fo=1, routed)           1.962     2.841    clk_IBUF
    BUFGCTRL_X0Y0        BUFG (Prop_bufg_I_O)         0.096     2.937 r  clk_IBUF_BUFG_inst/O
                         net (fo=1275, routed)        1.605     4.542    L2/wmem/clk_IBUF_BUFG
    RAMB36_X0Y9          RAMB36E1                                     r  L2/wmem/data_reg_0/CLKARDCLK
  -------------------------------------------------------------------    -------------------
    RAMB36_X0Y9          RAMB36E1 (Prop_ramb36e1_CLKARDCLK_DOADO[16])
                                                      2.454     6.996 r  L2/wmem/data_reg_0/DOADO[16]
                         net (fo=2, routed)           1.150     8.146    L2/wmem/weights_chunk[16]
    SLICE_X9Y45          LUT6 (Prop_lut6_I1_O)        0.124     8.270 r  L2/wmem/count[7]_i_37__0/O
                         net (fo=2, routed)           0.875     9.144    L2/wmem/count[7]_i_37__0_n_0
    SLICE_X10Y47         LUT3 (Prop_lut3_I1_O)        0.148     9.292 r  L2/wmem/count[7]_i_27__0/O
                         net (fo=4, routed)           0.657     9.949    L2/wmem/count[7]_i_27__0_n_0
    SLICE_X11Y47         LUT3 (Prop_lut3_I2_O)        0.328    10.277 r  L2/wmem/count[3]_i_19__0/O
                         net (fo=3, routed)           0.953    11.229    L2/wmem/count[3]_i_19__0_n_0
    SLICE_X11Y50         LUT5 (Prop_lut5_I1_O)        0.124    11.353 r  L2/wmem/count[3]_i_9__0/O
                         net (fo=2, routed)           0.682    12.035    L2/wmem/count[3]_i_22__0_0
    SLICE_X11Y50         LUT6 (Prop_lut6_I0_O)        0.124    12.159 r  L2/wmem/count[3]_i_7__0/O
                         net (fo=3, routed)           0.451    12.610    L2/wmem/count[3]_i_7__0_n_0
    SLICE_X10Y51         LUT5 (Prop_lut5_I4_O)        0.124    12.734 r  L2/wmem/count[7]_i_14__0/O
                         net (fo=1, routed)           0.447    13.181    L2/wmem/count[7]_i_14__0_n_0
    SLICE_X9Y49          LUT6 (Prop_lut6_I5_O)        0.124    13.305 r  L2/wmem/count[7]_i_4__0/O
                         net (fo=1, routed)           0.000    13.305    L2/neuron_n/count_reg[7]_0[0]
    SLICE_X9Y49          CARRY4 (Prop_carry4_S[0]_CO[3])
                                                      0.532    13.837 r  L2/neuron_n/count_reg[7]_i_1__0/CO[3]
                         net (fo=1, routed)           0.001    13.838    L2/neuron_n/count_reg[7]_i_1__0_n_0
    SLICE_X9Y50          CARRY4 (Prop_carry4_CI_O[0])
                                                      0.223    14.061 r  L2/neuron_n/count_reg[8]_i_2/O[0]
                         net (fo=1, routed)           0.000    14.061    L2/neuron_n/p_0_in__0[8]
    SLICE_X9Y50          FDRE                                         r  L2/neuron_n/count_reg[8]/D
  -------------------------------------------------------------------    -------------------

                         (clock sys_clk_pin rise edge)
                                                     10.000    10.000 r  <hidden>
    R2                                                0.000    10.000 r  clk
                         net (fo=0)                   0.000    10.000    clk
    R2                   IBUF (Prop_ibuf_I_O)         0.839    10.839 r  clk_IBUF_inst/O
                         net (fo=1, routed)           1.859    12.698    clk_IBUF
    BUFGCTRL_X0Y0        BUFG (Prop_bufg_I_O)         0.091    12.789 r  clk_IBUF_BUFG_inst/O
                         net (fo=1275, routed)        1.433    14.222    L2/neuron_n/clk_IBUF_BUFG
    SLICE_X9Y50          FDRE                                         r  L2/neuron_n/count_reg[8]/C
                         clock pessimism              0.148    14.370    <hidden>
                         clock uncertainty           -0.035    14.335    <hidden>
    SLICE_X9Y50          FDRE (Setup_fdre_C_D)        0.062    14.397    L2/neuron_n/count_reg[8]
  -------------------------------------------------------------------
                         required time                         14.397    <hidden>
                         arrival time                         -14.061    <hidden>
  -------------------------------------------------------------------
                         slack                                  0.335    <hidden>

Slack (MET) :             0.484ns  (required time - arrival time)
  Source:                 L3/wmem/data_reg/CLKBWRCLK
                            (rising edge-triggered cell RAMB36E1 clocked by sys_clk_pin  {rise@0.000ns fall@5.000ns period=10.000ns})
  Destination:            L3/neuron_n/count_reg[8]/D
                            (rising edge-triggered cell FDRE clocked by sys_clk_pin  {rise@0.000ns fall@5.000ns period=10.000ns})
  Path Group:             sys_clk_pin
  Path Type:              Setup (Max at Slow Process Corner)
  Requirement:            10.000ns  (sys_clk_pin rise@10.000ns - sys_clk_pin rise@0.000ns)
  Data Path Delay:        9.525ns  (logic 4.054ns (42.562%)  route 5.471ns (57.438%))
  Logic Levels:           9  (CARRY4=2 LUT5=2 LUT6=5)
  Clock Path Skew:        -0.064ns (DCD - SCD + CPR)
    Destination Clock Delay (DCD):    4.230ns = ( 14.230 - 10.000 ) 
    Source Clock Delay      (SCD):    4.536ns
    Clock Pessimism Removal (CPR):    0.242ns
  Clock Uncertainty:      0.035ns  ((TSJ^2 + TIJ^2)^1/2 + DJ) / 2 + PE
    Total System Jitter     (TSJ):    0.071ns
    Total Input Jitter      (TIJ):    0.000ns
    Discrete Jitter          (DJ):    0.000ns
    Phase Error              (PE):    0.000ns

    Location             Delay type                Incr(ns)  Path(ns)    Netlist Resource(s)
  -------------------------------------------------------------------    -------------------
                         (clock sys_clk_pin rise edge)
                                                      0.000     0.000 r  <hidden>
    R2                                                0.000     0.000 r  clk
                         net (fo=0)                   0.000     0.000    clk
    R2                   IBUF (Prop_ibuf_I_O)         0.880     0.880 r  clk_IBUF_inst/O
                         net (fo=1, routed)           1.962     2.841    clk_IBUF
    BUFGCTRL_X0Y0        BUFG (Prop_bufg_I_O)         0.096     2.937 r  clk_IBUF_BUFG_inst/O
                         net (fo=1275, routed)        1.599     4.536    L3/wmem/clk_IBUF_BUFG
    RAMB36_X0Y7          RAMB36E1                                     r  L3/wmem/data_reg/CLKBWRCLK
  -------------------------------------------------------------------    -------------------
    RAMB36_X0Y7          RAMB36E1 (Prop_ramb36e1_CLKBWRCLK_DOBDO[24])
                                                      2.454     6.990 r  L3/wmem/data_reg/DOBDO[24]
                         net (fo=2, routed)           1.026     8.016    L3/wmem/weights_chunk[60]
    SLICE_X9Y35          LUT6 (Prop_lut6_I1_O)        0.124     8.140 r  L3/wmem/count[3]_i_29__1/O
                         net (fo=3, routed)           1.206     9.346    L3/wmem/count[3]_i_29__1_n_0
    SLICE_X7Y36          LUT6 (Prop_lut6_I0_O)        0.124     9.470 r  L3/wmem/count[3]_i_39__1/O
                         net (fo=2, routed)           0.900    10.370    L3/wmem/count[3]_i_39__1_n_0
    SLICE_X9Y36          LUT6 (Prop_lut6_I3_O)        0.124    10.494 r  L3/wmem/count[3]_i_22__1/O
                         net (fo=3, routed)           0.540    11.033    L3/wmem/count[3]_i_22__1_n_0
    SLICE_X5Y36          LUT5 (Prop_lut5_I4_O)        0.124    11.157 r  L3/wmem/count[3]_i_9__1/O
                         net (fo=2, routed)           1.034    12.192    L3/wmem/count[3]_i_22__1_0
    SLICE_X8Y36          LUT6 (Prop_lut6_I0_O)        0.124    12.316 r  L3/wmem/count[3]_i_7__1/O
                         net (fo=3, routed)           0.459    12.775    L3/wmem/count[3]_i_7__1_n_0
    SLICE_X9Y37          LUT5 (Prop_lut5_I4_O)        0.124    12.899 r  L3/wmem/count[7]_i_14__1/O
                         net (fo=1, routed)           0.306    13.205    L3/wmem/count[7]_i_14__1_n_0
    SLICE_X8Y38          LUT6 (Prop_lut6_I5_O)        0.124    13.329 r  L3/wmem/count[7]_i_4__1/O
                         net (fo=1, routed)           0.000    13.329    L3/neuron_n/count_reg[7]_1[0]
    SLICE_X8Y38          CARRY4 (Prop_carry4_S[0]_CO[3])
                                                      0.513    13.842 r  L3/neuron_n/count_reg[7]_i_1__1/CO[3]
                         net (fo=1, routed)           0.000    13.842    L3/neuron_n/count_reg[7]_i_1__1_n_0
    SLICE_X8Y39          CARRY4 (Prop_carry4_CI_O[0])
                                                      0.219    14.061 r  L3/neuron_n/count_reg[8]_i_2__0/O[0]
                         net (fo=1, routed)           0.000    14.061    L3/neuron_n/p_0_in[8]
    SLICE_X8Y39          FDRE                                         r  L3/neuron_n/count_reg[8]/D
  -------------------------------------------------------------------    -------------------

                         (clock sys_clk_pin rise edge)
                                                     10.000    10.000 r  <hidden>
    R2                                                0.000    10.000 r  clk
                         net (fo=0)                   0.000    10.000    clk
    R2                   IBUF (Prop_ibuf_I_O)         0.839    10.839 r  clk_IBUF_inst/O
                         net (fo=1, routed)           1.859    12.698    clk_IBUF
    BUFGCTRL_X0Y0        BUFG (Prop_bufg_I_O)         0.091    12.789 r  clk_IBUF_BUFG_inst/O
                         net (fo=1275, routed)        1.440    14.230    L3/neuron_n/clk_IBUF_BUFG
    SLICE_X8Y39          FDRE                                         r  L3/neuron_n/count_reg[8]/C
                         clock pessimism              0.242    14.472    <hidden>
                         clock uncertainty           -0.035    14.436    <hidden>
    SLICE_X8Y39          FDRE (Setup_fdre_C_D)        0.109    14.545    L3/neuron_n/count_reg[8]
  -------------------------------------------------------------------
                         required time                         14.545    <hidden>
                         arrival time                         -14.061    <hidden>
  -------------------------------------------------------------------
                         slack                                  0.484    <hidden>

Slack (MET) :             0.590ns  (required time - arrival time)
  Source:                 L2/wmem/data_reg_0/CLKARDCLK
                            (rising edge-triggered cell RAMB36E1 clocked by sys_clk_pin  {rise@0.000ns fall@5.000ns period=10.000ns})
  Destination:            L2/neuron_n/count_reg[7]/D
                            (rising edge-triggered cell FDRE clocked by sys_clk_pin  {rise@0.000ns fall@5.000ns period=10.000ns})
  Path Group:             sys_clk_pin
  Path Type:              Setup (Max at Slow Process Corner)
  Requirement:            10.000ns  (sys_clk_pin rise@10.000ns - sys_clk_pin rise@0.000ns)
  Data Path Delay:        9.369ns  (logic 4.156ns (44.357%)  route 5.213ns (55.642%))
  Logic Levels:           8  (CARRY4=1 LUT3=2 LUT5=2 LUT6=3)
  Clock Path Skew:        -0.067ns (DCD - SCD + CPR)
    Destination Clock Delay (DCD):    4.233ns = ( 14.233 - 10.000 ) 
    Source Clock Delay      (SCD):    4.542ns
    Clock Pessimism Removal (CPR):    0.242ns
  Clock Uncertainty:      0.035ns  ((TSJ^2 + TIJ^2)^1/2 + DJ) / 2 + PE
    Total System Jitter     (TSJ):    0.071ns
    Total Input Jitter      (TIJ):    0.000ns
    Discrete Jitter          (DJ):    0.000ns
    Phase Error              (PE):    0.000ns

    Location             Delay type                Incr(ns)  Path(ns)    Netlist Resource(s)
  -------------------------------------------------------------------    -------------------
                         (clock sys_clk_pin rise edge)
                                                      0.000     0.000 r  <hidden>
    R2                                                0.000     0.000 r  clk
                         net (fo=0)                   0.000     0.000    clk
    R2                   IBUF (Prop_ibuf_I_O)         0.880     0.880 r  clk_IBUF_inst/O
                         net (fo=1, routed)           1.962     2.841    clk_IBUF
    BUFGCTRL_X0Y0        BUFG (Prop_bufg_I_O)         0.096     2.937 r  clk_IBUF_BUFG_inst/O
                         net (fo=1275, routed)        1.605     4.542    L2/wmem/clk_IBUF_BUFG
    RAMB36_X0Y9          RAMB36E1                                     r  L2/wmem/data_reg_0/CLKARDCLK
  -------------------------------------------------------------------    -------------------
    RAMB36_X0Y9          RAMB36E1 (Prop_ramb36e1_CLKARDCLK_DOADO[16])
                                                      2.454     6.996 r  L2/wmem/data_reg_0/DOADO[16]
                         net (fo=2, routed)           1.150     8.146    L2/wmem/weights_chunk[16]
    SLICE_X9Y45          LUT6 (Prop_lut6_I1_O)        0.124     8.270 r  L2/wmem/count[7]_i_37__0/O
                         net (fo=2, routed)           0.875     9.144    L2/wmem/count[7]_i_37__0_n_0
    SLICE_X10Y47         LUT3 (Prop_lut3_I1_O)        0.148     9.292 r  L2/wmem/count[7]_i_27__0/O
                         net (fo=4, routed)           0.657     9.949    L2/wmem/count[7]_i_27__0_n_0
    SLICE_X11Y47         LUT3 (Prop_lut3_I2_O)        0.328    10.277 r  L2/wmem/count[3]_i_19__0/O
                         net (fo=3, routed)           0.953    11.229    L2/wmem/count[3]_i_19__0_n_0
    SLICE_X11Y50         LUT5 (Prop_lut5_I1_O)        0.124    11.353 r  L2/wmem/count[3]_i_9__0/O
                         net (fo=2, routed)           0.682    12.035    L2/wmem/count[3]_i_22__0_0
    SLICE_X11Y50         LUT6 (Prop_lut6_I0_O)        0.124    12.159 r  L2/wmem/count[3]_i_7__0/O
                         net (fo=3, routed)           0.451    12.610    L2/wmem/count[3]_i_7__0_n_0
    SLICE_X10Y51         LUT5 (Prop_lut5_I4_O)        0.124    12.734 r  L2/wmem/count[7]_i_14__0/O
                         net (fo=1, routed)           0.447    13.181    L2/wmem/count[7]_i_14__0_n_0
    SLICE_X9Y49          LUT6 (Prop_lut6_I5_O)        0.124    13.305 r  L2/wmem/count[7]_i_4__0/O
                         net (fo=1, routed)           0.000    13.305    L2/neuron_n/count_reg[7]_0[0]
    SLICE_X9Y49          CARRY4 (Prop_carry4_S[0]_O[3])
                                                      0.606    13.911 r  L2/neuron_n/count_reg[7]_i_1__0/O[3]
                         net (fo=1, routed)           0.000    13.911    L2/neuron_n/p_0_in__0[7]
    SLICE_X9Y49          FDRE                                         r  L2/neuron_n/count_reg[7]/D
  -------------------------------------------------------------------    -------------------

                         (clock sys_clk_pin rise edge)
                                                     10.000    10.000 r  <hidden>
    R2                                                0.000    10.000 r  clk
                         net (fo=0)                   0.000    10.000    clk
    R2                   IBUF (Prop_ibuf_I_O)         0.839    10.839 r  clk_IBUF_inst/O
                         net (fo=1, routed)           1.859    12.698    clk_IBUF
    BUFGCTRL_X0Y0        BUFG (Prop_bufg_I_O)         0.091    12.789 r  clk_IBUF_BUFG_inst/O
                         net (fo=1275, routed)        1.443    14.233    L2/neuron_n/clk_IBUF_BUFG
    SLICE_X9Y49          FDRE                                         r  L2/neuron_n/count_reg[7]/C
                         clock pessimism              0.242    14.475    <hidden>
                         clock uncertainty           -0.035    14.439    <hidden>
    SLICE_X9Y49          FDRE (Setup_fdre_C_D)        0.062    14.501    L2/neuron_n/count_reg[7]
  -------------------------------------------------------------------
                         required time                         14.501    <hidden>
                         arrival time                         -13.911    <hidden>
  -------------------------------------------------------------------
                         slack                                  0.590    <hidden>

Slack (MET) :             0.607ns  (required time - arrival time)
  Source:                 L3/wmem/data_reg/CLKBWRCLK
                            (rising edge-triggered cell RAMB36E1 clocked by sys_clk_pin  {rise@0.000ns fall@5.000ns period=10.000ns})
  Destination:            L3/neuron_n/count_reg[7]/D
                            (rising edge-triggered cell FDRE clocked by sys_clk_pin  {rise@0.000ns fall@5.000ns period=10.000ns})
  Path Group:             sys_clk_pin
  Path Type:              Setup (Max at Slow Process Corner)
  Requirement:            10.000ns  (sys_clk_pin rise@10.000ns - sys_clk_pin rise@0.000ns)
  Data Path Delay:        9.401ns  (logic 3.930ns (41.804%)  route 5.471ns (58.195%))
  Logic Levels:           8  (CARRY4=1 LUT5=2 LUT6=5)
  Clock Path Skew:        -0.065ns (DCD - SCD + CPR)
    Destination Clock Delay (DCD):    4.229ns = ( 14.229 - 10.000 ) 
    Source Clock Delay      (SCD):    4.536ns
    Clock Pessimism Removal (CPR):    0.242ns
  Clock Uncertainty:      0.035ns  ((TSJ^2 + TIJ^2)^1/2 + DJ) / 2 + PE
    Total System Jitter     (TSJ):    0.071ns
    Total Input Jitter      (TIJ):    0.000ns
    Discrete Jitter          (DJ):    0.000ns
    Phase Error              (PE):    0.000ns

    Location             Delay type                Incr(ns)  Path(ns)    Netlist Resource(s)
  -------------------------------------------------------------------    -------------------
                         (clock sys_clk_pin rise edge)
                                                      0.000     0.000 r  <hidden>
    R2                                                0.000     0.000 r  clk
                         net (fo=0)                   0.000     0.000    clk
    R2                   IBUF (Prop_ibuf_I_O)         0.880     0.880 r  clk_IBUF_inst/O
                         net (fo=1, routed)           1.962     2.841    clk_IBUF
    BUFGCTRL_X0Y0        BUFG (Prop_bufg_I_O)         0.096     2.937 r  clk_IBUF_BUFG_inst/O
                         net (fo=1275, routed)        1.599     4.536    L3/wmem/clk_IBUF_BUFG
    RAMB36_X0Y7          RAMB36E1                                     r  L3/wmem/data_reg/CLKBWRCLK
  -------------------------------------------------------------------    -------------------
    RAMB36_X0Y7          RAMB36E1 (Prop_ramb36e1_CLKBWRCLK_DOBDO[24])
                                                      2.454     6.990 r  L3/wmem/data_reg/DOBDO[24]
                         net (fo=2, routed)           1.026     8.016    L3/wmem/weights_chunk[60]
    SLICE_X9Y35          LUT6 (Prop_lut6_I1_O)        0.124     8.140 r  L3/wmem/count[3]_i_29__1/O
                         net (fo=3, routed)           1.206     9.346    L3/wmem/count[3]_i_29__1_n_0
    SLICE_X7Y36          LUT6 (Prop_lut6_I0_O)        0.124     9.470 r  L3/wmem/count[3]_i_39__1/O
                         net (fo=2, routed)           0.900    10.370    L3/wmem/count[3]_i_39__1_n_0
    SLICE_X9Y36          LUT6 (Prop_lut6_I3_O)        0.124    10.494 r  L3/wmem/count[3]_i_22__1/O
                         net (fo=3, routed)           0.540    11.033    L3/wmem/count[3]_i_22__1_n_0
    SLICE_X5Y36          LUT5 (Prop_lut5_I4_O)        0.124    11.157 r  L3/wmem/count[3]_i_9__1/O
                         net (fo=2, routed)           1.034    12.192    L3/wmem/count[3]_i_22__1_0
    SLICE_X8Y36          LUT6 (Prop_lut6_I0_O)        0.124    12.316 r  L3/wmem/count[3]_i_7__1/O
                         net (fo=3, routed)           0.459    12.775    L3/wmem/count[3]_i_7__1_n_0
    SLICE_X9Y37          LUT5 (Prop_lut5_I4_O)        0.124    12.899 r  L3/wmem/count[7]_i_14__1/O
                         net (fo=1, routed)           0.306    13.205    L3/wmem/count[7]_i_14__1_n_0
    SLICE_X8Y38          LUT6 (Prop_lut6_I5_O)        0.124    13.329 r  L3/wmem/count[7]_i_4__1/O
                         net (fo=1, routed)           0.000    13.329    L3/neuron_n/count_reg[7]_1[0]
    SLICE_X8Y38          CARRY4 (Prop_carry4_S[0]_O[3])
                                                      0.608    13.937 r  L3/neuron_n/count_reg[7]_i_1__1/O[3]
                         net (fo=1, routed)           0.000    13.937    L3/neuron_n/p_0_in[7]
    SLICE_X8Y38          FDRE                                         r  L3/neuron_n/count_reg[7]/D
  -------------------------------------------------------------------    -------------------

                         (clock sys_clk_pin rise edge)
                                                     10.000    10.000 r  <hidden>
    R2                                                0.000    10.000 r  clk
                         net (fo=0)                   0.000    10.000    clk
    R2                   IBUF (Prop_ibuf_I_O)         0.839    10.839 r  clk_IBUF_inst/O
                         net (fo=1, routed)           1.859    12.698    clk_IBUF
    BUFGCTRL_X0Y0        BUFG (Prop_bufg_I_O)         0.091    12.789 r  clk_IBUF_BUFG_inst/O
                         net (fo=1275, routed)        1.439    14.229    L3/neuron_n/clk_IBUF_BUFG
    SLICE_X8Y38          FDRE                                         r  L3/neuron_n/count_reg[7]/C
                         clock pessimism              0.242    14.471    <hidden>
                         clock uncertainty           -0.035    14.435    <hidden>
    SLICE_X8Y38          FDRE (Setup_fdre_C_D)        0.109    14.544    L3/neuron_n/count_reg[7]
  -------------------------------------------------------------------
                         required time                         14.544    <hidden>
                         arrival time                         -13.937    <hidden>
  -------------------------------------------------------------------
                         slack                                  0.607    <hidden>

Slack (MET) :             0.649ns  (required time - arrival time)
  Source:                 L2/wmem/data_reg_0/CLKARDCLK
                            (rising edge-triggered cell RAMB36E1 clocked by sys_clk_pin  {rise@0.000ns fall@5.000ns period=10.000ns})
  Destination:            L2/neuron_n/count_reg[6]/D
                            (rising edge-triggered cell FDRE clocked by sys_clk_pin  {rise@0.000ns fall@5.000ns period=10.000ns})
  Path Group:             sys_clk_pin
  Path Type:              Setup (Max at Slow Process Corner)
  Requirement:            10.000ns  (sys_clk_pin rise@10.000ns - sys_clk_pin rise@0.000ns)
  Data Path Delay:        9.310ns  (logic 4.097ns (44.005%)  route 5.213ns (55.995%))
  Logic Levels:           8  (CARRY4=1 LUT3=2 LUT5=2 LUT6=3)
  Clock Path Skew:        -0.067ns (DCD - SCD + CPR)
    Destination Clock Delay (DCD):    4.233ns = ( 14.233 - 10.000 ) 
    Source Clock Delay      (SCD):    4.542ns
    Clock Pessimism Removal (CPR):    0.242ns
  Clock Uncertainty:      0.035ns  ((TSJ^2 + TIJ^2)^1/2 + DJ) / 2 + PE
    Total System Jitter     (TSJ):    0.071ns
    Total Input Jitter      (TIJ):    0.000ns
    Discrete Jitter          (DJ):    0.000ns
    Phase Error              (PE):    0.000ns

    Location             Delay type                Incr(ns)  Path(ns)    Netlist Resource(s)
  -------------------------------------------------------------------    -------------------
                         (clock sys_clk_pin rise edge)
                                                      0.000     0.000 r  <hidden>
    R2                                                0.000     0.000 r  clk
                         net (fo=0)                   0.000     0.000    clk
    R2                   IBUF (Prop_ibuf_I_O)         0.880     0.880 r  clk_IBUF_inst/O
                         net (fo=1, routed)           1.962     2.841    clk_IBUF
    BUFGCTRL_X0Y0        BUFG (Prop_bufg_I_O)         0.096     2.937 r  clk_IBUF_BUFG_inst/O
                         net (fo=1275, routed)        1.605     4.542    L2/wmem/clk_IBUF_BUFG
    RAMB36_X0Y9          RAMB36E1                                     r  L2/wmem/data_reg_0/CLKARDCLK
  -------------------------------------------------------------------    -------------------
    RAMB36_X0Y9          RAMB36E1 (Prop_ramb36e1_CLKARDCLK_DOADO[16])
                                                      2.454     6.996 r  L2/wmem/data_reg_0/DOADO[16]
                         net (fo=2, routed)           1.150     8.146    L2/wmem/weights_chunk[16]
    SLICE_X9Y45          LUT6 (Prop_lut6_I1_O)        0.124     8.270 r  L2/wmem/count[7]_i_37__0/O
                         net (fo=2, routed)           0.875     9.144    L2/wmem/count[7]_i_37__0_n_0
    SLICE_X10Y47         LUT3 (Prop_lut3_I1_O)        0.148     9.292 r  L2/wmem/count[7]_i_27__0/O
                         net (fo=4, routed)           0.657     9.949    L2/wmem/count[7]_i_27__0_n_0
    SLICE_X11Y47         LUT3 (Prop_lut3_I2_O)        0.328    10.277 r  L2/wmem/count[3]_i_19__0/O
                         net (fo=3, routed)           0.953    11.229    L2/wmem/count[3]_i_19__0_n_0
    SLICE_X11Y50         LUT5 (Prop_lut5_I1_O)        0.124    11.353 r  L2/wmem/count[3]_i_9__0/O
                         net (fo=2, routed)           0.682    12.035    L2/wmem/count[3]_i_22__0_0
    SLICE_X11Y50         LUT6 (Prop_lut6_I0_O)        0.124    12.159 r  L2/wmem/count[3]_i_7__0/O
                         net (fo=3, routed)           0.451    12.610    L2/wmem/count[3]_i_7__0_n_0
    SLICE_X10Y51         LUT5 (Prop_lut5_I4_O)        0.124    12.734 r  L2/wmem/count[7]_i_14__0/O
                         net (fo=1, routed)           0.447    13.181    L2/wmem/count[7]_i_14__0_n_0
    SLICE_X9Y49          LUT6 (Prop_lut6_I5_O)        0.124    13.305 r  L2/wmem/count[7]_i_4__0/O
                         net (fo=1, routed)           0.000    13.305    L2/neuron_n/count_reg[7]_0[0]
    SLICE_X9Y49          CARRY4 (Prop_carry4_S[0]_O[2])
                                                      0.547    13.852 r  L2/neuron_n/count_reg[7]_i_1__0/O[2]
                         net (fo=1, routed)           0.000    13.852    L2/neuron_n/p_0_in__0[6]
    SLICE_X9Y49          FDRE                                         r  L2/neuron_n/count_reg[6]/D
  -------------------------------------------------------------------    -------------------

                         (clock sys_clk_pin rise edge)
                                                     10.000    10.000 r  <hidden>
    R2                                                0.000    10.000 r  clk
                         net (fo=0)                   0.000    10.000    clk
    R2                   IBUF (Prop_ibuf_I_O)         0.839    10.839 r  clk_IBUF_inst/O
                         net (fo=1, routed)           1.859    12.698    clk_IBUF
    BUFGCTRL_X0Y0        BUFG (Prop_bufg_I_O)         0.091    12.789 r  clk_IBUF_BUFG_inst/O
                         net (fo=1275, routed)        1.443    14.233    L2/neuron_n/clk_IBUF_BUFG
    SLICE_X9Y49          FDRE                                         r  L2/neuron_n/count_reg[6]/C
                         clock pessimism              0.242    14.475    <hidden>
                         clock uncertainty           -0.035    14.439    <hidden>
    SLICE_X9Y49          FDRE (Setup_fdre_C_D)        0.062    14.501    L2/neuron_n/count_reg[6]
  -------------------------------------------------------------------
                         required time                         14.501    <hidden>
                         arrival time                         -13.852    <hidden>
  -------------------------------------------------------------------
                         slack                                  0.649    <hidden>

Slack (MET) :             0.671ns  (required time - arrival time)
  Source:                 L3/wmem/data_reg/CLKBWRCLK
                            (rising edge-triggered cell RAMB36E1 clocked by sys_clk_pin  {rise@0.000ns fall@5.000ns period=10.000ns})
  Destination:            L3/neuron_n/count_reg[6]/D
                            (rising edge-triggered cell FDRE clocked by sys_clk_pin  {rise@0.000ns fall@5.000ns period=10.000ns})
  Path Group:             sys_clk_pin
  Path Type:              Setup (Max at Slow Process Corner)
  Requirement:            10.000ns  (sys_clk_pin rise@10.000ns - sys_clk_pin rise@0.000ns)
  Data Path Delay:        9.337ns  (logic 3.866ns (41.406%)  route 5.471ns (58.594%))
  Logic Levels:           8  (CARRY4=1 LUT5=2 LUT6=5)
  Clock Path Skew:        -0.065ns (DCD - SCD + CPR)
    Destination Clock Delay (DCD):    4.229ns = ( 14.229 - 10.000 ) 
    Source Clock Delay      (SCD):    4.536ns
    Clock Pessimism Removal (CPR):    0.242ns
  Clock Uncertainty:      0.035ns  ((TSJ^2 + TIJ^2)^1/2 + DJ) / 2 + PE
    Total System Jitter     (TSJ):    0.071ns
    Total Input Jitter      (TIJ):    0.000ns
    Discrete Jitter          (DJ):    0.000ns
    Phase Error              (PE):    0.000ns

    Location             Delay type                Incr(ns)  Path(ns)    Netlist Resource(s)
  -------------------------------------------------------------------    -------------------
                         (clock sys_clk_pin rise edge)
                                                      0.000     0.000 r  <hidden>
    R2                                                0.000     0.000 r  clk
                         net (fo=0)                   0.000     0.000    clk
    R2                   IBUF (Prop_ibuf_I_O)         0.880     0.880 r  clk_IBUF_inst/O
                         net (fo=1, routed)           1.962     2.841    clk_IBUF
    BUFGCTRL_X0Y0        BUFG (Prop_bufg_I_O)         0.096     2.937 r  clk_IBUF_BUFG_inst/O
                         net (fo=1275, routed)        1.599     4.536    L3/wmem/clk_IBUF_BUFG
    RAMB36_X0Y7          RAMB36E1                                     r  L3/wmem/data_reg/CLKBWRCLK
  -------------------------------------------------------------------    -------------------
    RAMB36_X0Y7          RAMB36E1 (Prop_ramb36e1_CLKBWRCLK_DOBDO[24])
                                                      2.454     6.990 r  L3/wmem/data_reg/DOBDO[24]
                         net (fo=2, routed)           1.026     8.016    L3/wmem/weights_chunk[60]
    SLICE_X9Y35          LUT6 (Prop_lut6_I1_O)        0.124     8.140 r  L3/wmem/count[3]_i_29__1/O
                         net (fo=3, routed)           1.206     9.346    L3/wmem/count[3]_i_29__1_n_0
    SLICE_X7Y36          LUT6 (Prop_lut6_I0_O)        0.124     9.470 r  L3/wmem/count[3]_i_39__1/O
                         net (fo=2, routed)           0.900    10.370    L3/wmem/count[3]_i_39__1_n_0
    SLICE_X9Y36          LUT6 (Prop_lut6_I3_O)        0.124    10.494 r  L3/wmem/count[3]_i_22__1/O
                         net (fo=3, routed)           0.540    11.033    L3/wmem/count[3]_i_22__1_n_0
    SLICE_X5Y36          LUT5 (Prop_lut5_I4_O)        0.124    11.157 r  L3/wmem/count[3]_i_9__1/O
                         net (fo=2, routed)           1.034    12.192    L3/wmem/count[3]_i_22__1_0
    SLICE_X8Y36          LUT6 (Prop_lut6_I0_O)        0.124    12.316 r  L3/wmem/count[3]_i_7__1/O
                         net (fo=3, routed)           0.459    12.775    L3/wmem/count[3]_i_7__1_n_0
    SLICE_X9Y37          LUT5 (Prop_lut5_I4_O)        0.124    12.899 r  L3/wmem/count[7]_i_14__1/O
                         net (fo=1, routed)           0.306    13.205    L3/wmem/count[7]_i_14__1_n_0
    SLICE_X8Y38          LUT6 (Prop_lut6_I5_O)        0.124    13.329 r  L3/wmem/count[7]_i_4__1/O
                         net (fo=1, routed)           0.000    13.329    L3/neuron_n/count_reg[7]_1[0]
    SLICE_X8Y38          CARRY4 (Prop_carry4_S[0]_O[2])
                                                      0.544    13.873 r  L3/neuron_n/count_reg[7]_i_1__1/O[2]
                         net (fo=1, routed)           0.000    13.873    L3/neuron_n/p_0_in[6]
    SLICE_X8Y38          FDRE                                         r  L3/neuron_n/count_reg[6]/D
  -------------------------------------------------------------------    -------------------

                         (clock sys_clk_pin rise edge)
                                                     10.000    10.000 r  <hidden>
    R2                                                0.000    10.000 r  clk
                         net (fo=0)                   0.000    10.000    clk
    R2                   IBUF (Prop_ibuf_I_O)         0.839    10.839 r  clk_IBUF_inst/O
                         net (fo=1, routed)           1.859    12.698    clk_IBUF
    BUFGCTRL_X0Y0        BUFG (Prop_bufg_I_O)         0.091    12.789 r  clk_IBUF_BUFG_inst/O
                         net (fo=1275, routed)        1.439    14.229    L3/neuron_n/clk_IBUF_BUFG
    SLICE_X8Y38          FDRE                                         r  L3/neuron_n/count_reg[6]/C
                         clock pessimism              0.242    14.471    <hidden>
                         clock uncertainty           -0.035    14.435    <hidden>
    SLICE_X8Y38          FDRE (Setup_fdre_C_D)        0.109    14.544    L3/neuron_n/count_reg[6]
  -------------------------------------------------------------------
                         required time                         14.544    <hidden>
                         arrival time                         -13.873    <hidden>
  -------------------------------------------------------------------
                         slack                                  0.671    <hidden>

Slack (MET) :             0.674ns  (required time - arrival time)
  Source:                 L1/wmem/data_reg_3/CLKARDCLK
                            (rising edge-triggered cell RAMB36E1 clocked by sys_clk_pin  {rise@0.000ns fall@5.000ns period=10.000ns})
  Destination:            L1/neuron_n/count_reg[9]/D
                            (rising edge-triggered cell FDRE clocked by sys_clk_pin  {rise@0.000ns fall@5.000ns period=10.000ns})
  Path Group:             sys_clk_pin
  Path Type:              Setup (Max at Slow Process Corner)
  Requirement:            10.000ns  (sys_clk_pin rise@10.000ns - sys_clk_pin rise@0.000ns)
  Data Path Delay:        9.312ns  (logic 4.178ns (44.867%)  route 5.134ns (55.133%))
  Logic Levels:           9  (CARRY4=2 LUT3=3 LUT4=1 LUT5=1 LUT6=2)
  Clock Path Skew:        -0.087ns (DCD - SCD + CPR)
    Destination Clock Delay (DCD):    4.223ns = ( 14.223 - 10.000 ) 
    Source Clock Delay      (SCD):    4.538ns
    Clock Pessimism Removal (CPR):    0.228ns
  Clock Uncertainty:      0.035ns  ((TSJ^2 + TIJ^2)^1/2 + DJ) / 2 + PE
    Total System Jitter     (TSJ):    0.071ns
    Total Input Jitter      (TIJ):    0.000ns
    Discrete Jitter          (DJ):    0.000ns
    Phase Error              (PE):    0.000ns

    Location             Delay type                Incr(ns)  Path(ns)    Netlist Resource(s)
  -------------------------------------------------------------------    -------------------
                         (clock sys_clk_pin rise edge)
                                                      0.000     0.000 r  <hidden>
    R2                                                0.000     0.000 r  clk
                         net (fo=0)                   0.000     0.000    clk
    R2                   IBUF (Prop_ibuf_I_O)         0.880     0.880 r  clk_IBUF_inst/O
                         net (fo=1, routed)           1.962     2.841    clk_IBUF
    BUFGCTRL_X0Y0        BUFG (Prop_bufg_I_O)         0.096     2.937 r  clk_IBUF_BUFG_inst/O
                         net (fo=1275, routed)        1.601     4.538    L1/wmem/clk_IBUF_BUFG
    RAMB36_X1Y6          RAMB36E1                                     r  L1/wmem/data_reg_3/CLKARDCLK
  -------------------------------------------------------------------    -------------------
    RAMB36_X1Y6          RAMB36E1 (Prop_ramb36e1_CLKARDCLK_DOADO[2])
                                                      2.454     6.992 r  L1/wmem/data_reg_3/DOADO[2]
                         net (fo=2, routed)           1.332     8.324    L1/wmem/weights_chunk[26]
    SLICE_X24Y20         LUT4 (Prop_lut4_I1_O)        0.124     8.448 r  L1/wmem/count[7]_i_27/O
                         net (fo=2, routed)           0.558     9.006    L1/wmem/count[7]_i_27_n_0
    SLICE_X25Y16         LUT5 (Prop_lut5_I3_O)        0.124     9.130 r  L1/wmem/count[3]_i_38/O
                         net (fo=2, routed)           0.610     9.740    L1/wmem/count[3]_i_38_n_0
    SLICE_X26Y16         LUT3 (Prop_lut3_I0_O)        0.124     9.864 r  L1/wmem/count[3]_i_18/O
                         net (fo=3, routed)           0.751    10.615    L1/wmem/count[3]_i_18_n_0
    SLICE_X26Y19         LUT3 (Prop_lut3_I0_O)        0.124    10.739 r  L1/wmem/count[7]_i_23/O
                         net (fo=4, routed)           0.883    11.622    L1/wmem/count[7]_i_23_n_0
    SLICE_X25Y17         LUT6 (Prop_lut6_I2_O)        0.124    11.746 r  L1/wmem/count[3]_i_8/O
                         net (fo=2, routed)           0.678    12.425    L1/wmem/count[3]_i_10_0
    SLICE_X23Y17         LUT3 (Prop_lut3_I0_O)        0.124    12.549 r  L1/wmem/count[7]_i_8/O
                         net (fo=3, routed)           0.321    12.870    L1/wmem/count[7]_i_8_n_0
    SLICE_X22Y18         LUT6 (Prop_lut6_I3_O)        0.124    12.994 r  L1/wmem/count[7]_i_3/O
                         net (fo=1, routed)           0.000    12.994    L1/neuron_n/S[1]
    SLICE_X22Y18         CARRY4 (Prop_carry4_S[1]_CO[3])
                                                      0.533    13.527 r  L1/neuron_n/count_reg[7]_i_1/CO[3]
                         net (fo=1, routed)           0.000    13.527    L1/neuron_n/count_reg[7]_i_1_n_0
    SLICE_X22Y19         CARRY4 (Prop_carry4_CI_O[1])
                                                      0.323    13.850 r  L1/neuron_n/count_reg[9]_i_2/O[1]
                         net (fo=1, routed)           0.000    13.850    L1/neuron_n/p_0_in__0[9]
    SLICE_X22Y19         FDRE                                         r  L1/neuron_n/count_reg[9]/D
  -------------------------------------------------------------------    -------------------

                         (clock sys_clk_pin rise edge)
                                                     10.000    10.000 r  <hidden>
    R2                                                0.000    10.000 r  clk
                         net (fo=0)                   0.000    10.000    clk
    R2                   IBUF (Prop_ibuf_I_O)         0.839    10.839 r  clk_IBUF_inst/O
                         net (fo=1, routed)           1.859    12.698    clk_IBUF
    BUFGCTRL_X0Y0        BUFG (Prop_bufg_I_O)         0.091    12.789 r  clk_IBUF_BUFG_inst/O
                         net (fo=1275, routed)        1.433    14.223    L1/neuron_n/clk_IBUF_BUFG
    SLICE_X22Y19         FDRE                                         r  L1/neuron_n/count_reg[9]/C
                         clock pessimism              0.228    14.451    <hidden>
                         clock uncertainty           -0.035    14.415    <hidden>
    SLICE_X22Y19         FDRE (Setup_fdre_C_D)        0.109    14.524    L1/neuron_n/count_reg[9]
  -------------------------------------------------------------------
                         required time                         14.524    <hidden>
                         arrival time                         -13.850    <hidden>
  -------------------------------------------------------------------
                         slack                                  0.674    <hidden>

Slack (MET) :             0.772ns  (required time - arrival time)
  Source:                 L2/wmem/data_reg_0/CLKARDCLK
                            (rising edge-triggered cell RAMB36E1 clocked by sys_clk_pin  {rise@0.000ns fall@5.000ns period=10.000ns})
  Destination:            L2/neuron_n/count_reg[5]/D
                            (rising edge-triggered cell FDRE clocked by sys_clk_pin  {rise@0.000ns fall@5.000ns period=10.000ns})
  Path Group:             sys_clk_pin
  Path Type:              Setup (Max at Slow Process Corner)
  Requirement:            10.000ns  (sys_clk_pin rise@10.000ns - sys_clk_pin rise@0.000ns)
  Data Path Delay:        9.187ns  (logic 3.974ns (43.255%)  route 5.213ns (56.745%))
  Logic Levels:           8  (CARRY4=1 LUT3=2 LUT5=2 LUT6=3)
  Clock Path Skew:        -0.067ns (DCD - SCD + CPR)
    Destination Clock Delay (DCD):    4.233ns = ( 14.233 - 10.000 ) 
    Source Clock Delay      (SCD):    4.542ns
    Clock Pessimism Removal (CPR):    0.242ns
  Clock Uncertainty:      0.035ns  ((TSJ^2 + TIJ^2)^1/2 + DJ) / 2 + PE
    Total System Jitter     (TSJ):    0.071ns
    Total Input Jitter      (TIJ):    0.000ns
    Discrete Jitter          (DJ):    0.000ns
    Phase Error              (PE):    0.000ns

    Location             Delay type                Incr(ns)  Path(ns)    Netlist Resource(s)
  -------------------------------------------------------------------    -------------------
                         (clock sys_clk_pin rise edge)
                                                      0.000     0.000 r  <hidden>
    R2                                                0.000     0.000 r  clk
                         net (fo=0)                   0.000     0.000    clk
    R2                   IBUF (Prop_ibuf_I_O)         0.880     0.880 r  clk_IBUF_inst/O
                         net (fo=1, routed)           1.962     2.841    clk_IBUF
    BUFGCTRL_X0Y0        BUFG (Prop_bufg_I_O)         0.096     2.937 r  clk_IBUF_BUFG_inst/O
                         net (fo=1275, routed)        1.605     4.542    L2/wmem/clk_IBUF_BUFG
    RAMB36_X0Y9          RAMB36E1                                     r  L2/wmem/data_reg_0/CLKARDCLK
  -------------------------------------------------------------------    -------------------
    RAMB36_X0Y9          RAMB36E1 (Prop_ramb36e1_CLKARDCLK_DOADO[16])
                                                      2.454     6.996 r  L2/wmem/data_reg_0/DOADO[16]
                         net (fo=2, routed)           1.150     8.146    L2/wmem/weights_chunk[16]
    SLICE_X9Y45          LUT6 (Prop_lut6_I1_O)        0.124     8.270 r  L2/wmem/count[7]_i_37__0/O
                         net (fo=2, routed)           0.875     9.144    L2/wmem/count[7]_i_37__0_n_0
    SLICE_X10Y47         LUT3 (Prop_lut3_I1_O)        0.148     9.292 r  L2/wmem/count[7]_i_27__0/O
                         net (fo=4, routed)           0.657     9.949    L2/wmem/count[7]_i_27__0_n_0
    SLICE_X11Y47         LUT3 (Prop_lut3_I2_O)        0.328    10.277 r  L2/wmem/count[3]_i_19__0/O
                         net (fo=3, routed)           0.953    11.229    L2/wmem/count[3]_i_19__0_n_0
    SLICE_X11Y50         LUT5 (Prop_lut5_I1_O)        0.124    11.353 r  L2/wmem/count[3]_i_9__0/O
                         net (fo=2, routed)           0.682    12.035    L2/wmem/count[3]_i_22__0_0
    SLICE_X11Y50         LUT6 (Prop_lut6_I0_O)        0.124    12.159 r  L2/wmem/count[3]_i_7__0/O
                         net (fo=3, routed)           0.451    12.610    L2/wmem/count[3]_i_7__0_n_0
    SLICE_X10Y51         LUT5 (Prop_lut5_I4_O)        0.124    12.734 r  L2/wmem/count[7]_i_14__0/O
                         net (fo=1, routed)           0.447    13.181    L2/wmem/count[7]_i_14__0_n_0
    SLICE_X9Y49          LUT6 (Prop_lut6_I5_O)        0.124    13.305 r  L2/wmem/count[7]_i_4__0/O
                         net (fo=1, routed)           0.000    13.305    L2/neuron_n/count_reg[7]_0[0]
    SLICE_X9Y49          CARRY4 (Prop_carry4_S[0]_O[1])
                                                      0.424    13.729 r  L2/neuron_n/count_reg[7]_i_1__0/O[1]
                         net (fo=1, routed)           0.000    13.729    L2/neuron_n/p_0_in__0[5]
    SLICE_X9Y49          FDRE                                         r  L2/neuron_n/count_reg[5]/D
  -------------------------------------------------------------------    -------------------

                         (clock sys_clk_pin rise edge)
                                                     10.000    10.000 r  <hidden>
    R2                                                0.000    10.000 r  clk
                         net (fo=0)                   0.000    10.000    clk
    R2                   IBUF (Prop_ibuf_I_O)         0.839    10.839 r  clk_IBUF_inst/O
                         net (fo=1, routed)           1.859    12.698    clk_IBUF
    BUFGCTRL_X0Y0        BUFG (Prop_bufg_I_O)         0.091    12.789 r  clk_IBUF_BUFG_inst/O
                         net (fo=1275, routed)        1.443    14.233    L2/neuron_n/clk_IBUF_BUFG
    SLICE_X9Y49          FDRE                                         r  L2/neuron_n/count_reg[5]/C
                         clock pessimism              0.242    14.475    <hidden>
                         clock uncertainty           -0.035    14.439    <hidden>
    SLICE_X9Y49          FDRE (Setup_fdre_C_D)        0.062    14.501    L2/neuron_n/count_reg[5]
  -------------------------------------------------------------------
                         required time                         14.501    <hidden>
                         arrival time                         -13.729    <hidden>
  -------------------------------------------------------------------
                         slack                                  0.772    <hidden>

Slack (MET) :             0.778ns  (required time - arrival time)
  Source:                 L1/wmem/data_reg_3/CLKARDCLK
                            (rising edge-triggered cell RAMB36E1 clocked by sys_clk_pin  {rise@0.000ns fall@5.000ns period=10.000ns})
  Destination:            L1/neuron_n/count_reg[8]/D
                            (rising edge-triggered cell FDRE clocked by sys_clk_pin  {rise@0.000ns fall@5.000ns period=10.000ns})
  Path Group:             sys_clk_pin
  Path Type:              Setup (Max at Slow Process Corner)
  Requirement:            10.000ns  (sys_clk_pin rise@10.000ns - sys_clk_pin rise@0.000ns)
  Data Path Delay:        9.208ns  (logic 4.074ns (44.244%)  route 5.134ns (55.756%))
  Logic Levels:           9  (CARRY4=2 LUT3=3 LUT4=1 LUT5=1 LUT6=2)
  Clock Path Skew:        -0.087ns (DCD - SCD + CPR)
    Destination Clock Delay (DCD):    4.223ns = ( 14.223 - 10.000 ) 
    Source Clock Delay      (SCD):    4.538ns
    Clock Pessimism Removal (CPR):    0.228ns
  Clock Uncertainty:      0.035ns  ((TSJ^2 + TIJ^2)^1/2 + DJ) / 2 + PE
    Total System Jitter     (TSJ):    0.071ns
    Total Input Jitter      (TIJ):    0.000ns
    Discrete Jitter          (DJ):    0.000ns
    Phase Error              (PE):    0.000ns

    Location             Delay type                Incr(ns)  Path(ns)    Netlist Resource(s)
  -------------------------------------------------------------------    -------------------
                         (clock sys_clk_pin rise edge)
                                                      0.000     0.000 r  <hidden>
    R2                                                0.000     0.000 r  clk
                         net (fo=0)                   0.000     0.000    clk
    R2                   IBUF (Prop_ibuf_I_O)         0.880     0.880 r  clk_IBUF_inst/O
                         net (fo=1, routed)           1.962     2.841    clk_IBUF
    BUFGCTRL_X0Y0        BUFG (Prop_bufg_I_O)         0.096     2.937 r  clk_IBUF_BUFG_inst/O
                         net (fo=1275, routed)        1.601     4.538    L1/wmem/clk_IBUF_BUFG
    RAMB36_X1Y6          RAMB36E1                                     r  L1/wmem/data_reg_3/CLKARDCLK
  -------------------------------------------------------------------    -------------------
    RAMB36_X1Y6          RAMB36E1 (Prop_ramb36e1_CLKARDCLK_DOADO[2])
                                                      2.454     6.992 r  L1/wmem/data_reg_3/DOADO[2]
                         net (fo=2, routed)           1.332     8.324    L1/wmem/weights_chunk[26]
    SLICE_X24Y20         LUT4 (Prop_lut4_I1_O)        0.124     8.448 r  L1/wmem/count[7]_i_27/O
                         net (fo=2, routed)           0.558     9.006    L1/wmem/count[7]_i_27_n_0
    SLICE_X25Y16         LUT5 (Prop_lut5_I3_O)        0.124     9.130 r  L1/wmem/count[3]_i_38/O
                         net (fo=2, routed)           0.610     9.740    L1/wmem/count[3]_i_38_n_0
    SLICE_X26Y16         LUT3 (Prop_lut3_I0_O)        0.124     9.864 r  L1/wmem/count[3]_i_18/O
                         net (fo=3, routed)           0.751    10.615    L1/wmem/count[3]_i_18_n_0
    SLICE_X26Y19         LUT3 (Prop_lut3_I0_O)        0.124    10.739 r  L1/wmem/count[7]_i_23/O
                         net (fo=4, routed)           0.883    11.622    L1/wmem/count[7]_i_23_n_0
    SLICE_X25Y17         LUT6 (Prop_lut6_I2_O)        0.124    11.746 r  L1/wmem/count[3]_i_8/O
                         net (fo=2, routed)           0.678    12.425    L1/wmem/count[3]_i_10_0
    SLICE_X23Y17         LUT3 (Prop_lut3_I0_O)        0.124    12.549 r  L1/wmem/count[7]_i_8/O
                         net (fo=3, routed)           0.321    12.870    L1/wmem/count[7]_i_8_n_0
    SLICE_X22Y18         LUT6 (Prop_lut6_I3_O)        0.124    12.994 r  L1/wmem/count[7]_i_3/O
                         net (fo=1, routed)           0.000    12.994    L1/neuron_n/S[1]
    SLICE_X22Y18         CARRY4 (Prop_carry4_S[1]_CO[3])
                                                      0.533    13.527 r  L1/neuron_n/count_reg[7]_i_1/CO[3]
                         net (fo=1, routed)           0.000    13.527    L1/neuron_n/count_reg[7]_i_1_n_0
    SLICE_X22Y19         CARRY4 (Prop_carry4_CI_O[0])
                                                      0.219    13.746 r  L1/neuron_n/count_reg[9]_i_2/O[0]
                         net (fo=1, routed)           0.000    13.746    L1/neuron_n/p_0_in__0[8]
    SLICE_X22Y19         FDRE                                         r  L1/neuron_n/count_reg[8]/D
  -------------------------------------------------------------------    -------------------

                         (clock sys_clk_pin rise edge)
                                                     10.000    10.000 r  <hidden>
    R2                                                0.000    10.000 r  clk
                         net (fo=0)                   0.000    10.000    clk
    R2                   IBUF (Prop_ibuf_I_O)         0.839    10.839 r  clk_IBUF_inst/O
                         net (fo=1, routed)           1.859    12.698    clk_IBUF
    BUFGCTRL_X0Y0        BUFG (Prop_bufg_I_O)         0.091    12.789 r  clk_IBUF_BUFG_inst/O
                         net (fo=1275, routed)        1.433    14.223    L1/neuron_n/clk_IBUF_BUFG
    SLICE_X22Y19         FDRE                                         r  L1/neuron_n/count_reg[8]/C
                         clock pessimism              0.228    14.451    <hidden>
                         clock uncertainty           -0.035    14.415    <hidden>
    SLICE_X22Y19         FDRE (Setup_fdre_C_D)        0.109    14.524    L1/neuron_n/count_reg[8]
  -------------------------------------------------------------------
                         required time                         14.524    <hidden>
                         arrival time                         -13.746    <hidden>
  -------------------------------------------------------------------
                         slack                                  0.778    <hidden>

Slack (MET) :             0.788ns  (required time - arrival time)
  Source:                 L3/wmem/data_reg/CLKBWRCLK
                            (rising edge-triggered cell RAMB36E1 clocked by sys_clk_pin  {rise@0.000ns fall@5.000ns period=10.000ns})
  Destination:            L3/neuron_n/count_reg[5]/D
                            (rising edge-triggered cell FDRE clocked by sys_clk_pin  {rise@0.000ns fall@5.000ns period=10.000ns})
  Path Group:             sys_clk_pin
  Path Type:              Setup (Max at Slow Process Corner)
  Requirement:            10.000ns  (sys_clk_pin rise@10.000ns - sys_clk_pin rise@0.000ns)
  Data Path Delay:        9.220ns  (logic 3.749ns (40.662%)  route 5.471ns (59.338%))
  Logic Levels:           8  (CARRY4=1 LUT5=2 LUT6=5)
  Clock Path Skew:        -0.065ns (DCD - SCD + CPR)
    Destination Clock Delay (DCD):    4.229ns = ( 14.229 - 10.000 ) 
    Source Clock Delay      (SCD):    4.536ns
    Clock Pessimism Removal (CPR):    0.242ns
  Clock Uncertainty:      0.035ns  ((TSJ^2 + TIJ^2)^1/2 + DJ) / 2 + PE
    Total System Jitter     (TSJ):    0.071ns
    Total Input Jitter      (TIJ):    0.000ns
    Discrete Jitter          (DJ):    0.000ns
    Phase Error              (PE):    0.000ns

    Location             Delay type                Incr(ns)  Path(ns)    Netlist Resource(s)
  -------------------------------------------------------------------    -------------------
                         (clock sys_clk_pin rise edge)
                                                      0.000     0.000 r  <hidden>
    R2                                                0.000     0.000 r  clk
                         net (fo=0)                   0.000     0.000    clk
    R2                   IBUF (Prop_ibuf_I_O)         0.880     0.880 r  clk_IBUF_inst/O
                         net (fo=1, routed)           1.962     2.841    clk_IBUF
    BUFGCTRL_X0Y0        BUFG (Prop_bufg_I_O)         0.096     2.937 r  clk_IBUF_BUFG_inst/O
                         net (fo=1275, routed)        1.599     4.536    L3/wmem/clk_IBUF_BUFG
    RAMB36_X0Y7          RAMB36E1                                     r  L3/wmem/data_reg/CLKBWRCLK
  -------------------------------------------------------------------    -------------------
    RAMB36_X0Y7          RAMB36E1 (Prop_ramb36e1_CLKBWRCLK_DOBDO[24])
                                                      2.454     6.990 r  L3/wmem/data_reg/DOBDO[24]
                         net (fo=2, routed)           1.026     8.016    L3/wmem/weights_chunk[60]
    SLICE_X9Y35          LUT6 (Prop_lut6_I1_O)        0.124     8.140 r  L3/wmem/count[3]_i_29__1/O
                         net (fo=3, routed)           1.206     9.346    L3/wmem/count[3]_i_29__1_n_0
    SLICE_X7Y36          LUT6 (Prop_lut6_I0_O)        0.124     9.470 r  L3/wmem/count[3]_i_39__1/O
                         net (fo=2, routed)           0.900    10.370    L3/wmem/count[3]_i_39__1_n_0
    SLICE_X9Y36          LUT6 (Prop_lut6_I3_O)        0.124    10.494 r  L3/wmem/count[3]_i_22__1/O
                         net (fo=3, routed)           0.540    11.033    L3/wmem/count[3]_i_22__1_n_0
    SLICE_X5Y36          LUT5 (Prop_lut5_I4_O)        0.124    11.157 r  L3/wmem/count[3]_i_9__1/O
                         net (fo=2, routed)           1.034    12.192    L3/wmem/count[3]_i_22__1_0
    SLICE_X8Y36          LUT6 (Prop_lut6_I0_O)        0.124    12.316 r  L3/wmem/count[3]_i_7__1/O
                         net (fo=3, routed)           0.459    12.775    L3/wmem/count[3]_i_7__1_n_0
    SLICE_X9Y37          LUT5 (Prop_lut5_I4_O)        0.124    12.899 r  L3/wmem/count[7]_i_14__1/O
                         net (fo=1, routed)           0.306    13.205    L3/wmem/count[7]_i_14__1_n_0
    SLICE_X8Y38          LUT6 (Prop_lut6_I5_O)        0.124    13.329 r  L3/wmem/count[7]_i_4__1/O
                         net (fo=1, routed)           0.000    13.329    L3/neuron_n/count_reg[7]_1[0]
    SLICE_X8Y38          CARRY4 (Prop_carry4_S[0]_O[1])
                                                      0.427    13.756 r  L3/neuron_n/count_reg[7]_i_1__1/O[1]
                         net (fo=1, routed)           0.000    13.756    L3/neuron_n/p_0_in[5]
    SLICE_X8Y38          FDRE                                         r  L3/neuron_n/count_reg[5]/D
  -------------------------------------------------------------------    -------------------

                         (clock sys_clk_pin rise edge)
                                                     10.000    10.000 r  <hidden>
    R2                                                0.000    10.000 r  clk
                         net (fo=0)                   0.000    10.000    clk
    R2                   IBUF (Prop_ibuf_I_O)         0.839    10.839 r  clk_IBUF_inst/O
                         net (fo=1, routed)           1.859    12.698    clk_IBUF
    BUFGCTRL_X0Y0        BUFG (Prop_bufg_I_O)         0.091    12.789 r  clk_IBUF_BUFG_inst/O
                         net (fo=1275, routed)        1.439    14.229    L3/neuron_n/clk_IBUF_BUFG
    SLICE_X8Y38          FDRE                                         r  L3/neuron_n/count_reg[5]/C
                         clock pessimism              0.242    14.471    <hidden>
                         clock uncertainty           -0.035    14.435    <hidden>
    SLICE_X8Y38          FDRE (Setup_fdre_C_D)        0.109    14.544    L3/neuron_n/count_reg[5]
  -------------------------------------------------------------------
                         required time                         14.544    <hidden>
                         arrival time                         -13.756    <hidden>
  -------------------------------------------------------------------
                         slack                                  0.788    <hidden>





Min Delay Paths
--------------------------------------------------------------------------------------
Slack (MET) :             0.050ns  (arrival time - required time)
  Source:                 L2/neuron_n/count_reg[5]/C
                            (rising edge-triggered cell FDRE clocked by sys_clk_pin  {rise@0.000ns fall@5.000ns period=10.000ns})
  Destination:            L2/neuron_n/count_reg[8]/D
                            (rising edge-triggered cell FDRE clocked by sys_clk_pin  {rise@0.000ns fall@5.000ns period=10.000ns})
  Path Group:             sys_clk_pin
  Path Type:              Hold (Min at Fast Process Corner)
  Requirement:            0.000ns  (sys_clk_pin rise@0.000ns - sys_clk_pin rise@0.000ns)
  Data Path Delay:        0.422ns  (logic 0.342ns (81.075%)  route 0.080ns (18.925%))
  Logic Levels:           2  (CARRY4=2)
  Clock Path Skew:        0.267ns (DCD - SCD - CPR)
    Destination Clock Delay (DCD):    1.918ns
    Source Clock Delay      (SCD):    1.564ns
    Clock Pessimism Removal (CPR):    0.086ns

    Location             Delay type                Incr(ns)  Path(ns)    Netlist Resource(s)
  -------------------------------------------------------------------    -------------------
                         (clock sys_clk_pin rise edge)
                                                      0.000     0.000 r  <hidden>
    R2                                                0.000     0.000 r  clk
                         net (fo=0)                   0.000     0.000    clk
    R2                   IBUF (Prop_ibuf_I_O)         0.345     0.345 r  clk_IBUF_inst/O
                         net (fo=1, routed)           0.630     0.975    clk_IBUF
    BUFGCTRL_X0Y0        BUFG (Prop_bufg_I_O)         0.026     1.001 r  clk_IBUF_BUFG_inst/O
                         net (fo=1275, routed)        0.564     1.564    L2/neuron_n/clk_IBUF_BUFG
    SLICE_X9Y49          FDRE                                         r  L2/neuron_n/count_reg[5]/C
  -------------------------------------------------------------------    -------------------
    SLICE_X9Y49          FDRE (Prop_fdre_C_Q)         0.141     1.705 r  L2/neuron_n/count_reg[5]/Q
                         net (fo=4, routed)           0.079     1.784    L2/neuron_n/Q[2]
    SLICE_X9Y49          CARRY4 (Prop_carry4_DI[1]_CO[3])
                                                      0.147     1.931 r  L2/neuron_n/count_reg[7]_i_1__0/CO[3]
                         net (fo=1, routed)           0.001     1.932    L2/neuron_n/count_reg[7]_i_1__0_n_0
    SLICE_X9Y50          CARRY4 (Prop_carry4_CI_O[0])
                                                      0.054     1.986 r  L2/neuron_n/count_reg[8]_i_2/O[0]
                         net (fo=1, routed)           0.000     1.986    L2/neuron_n/p_0_in__0[8]
    SLICE_X9Y50          FDRE                                         r  L2/neuron_n/count_reg[8]/D
  -------------------------------------------------------------------    -------------------

                         (clock sys_clk_pin rise edge)
                                                      0.000     0.000 r  <hidden>
    R2                                                0.000     0.000 r  clk
                         net (fo=0)                   0.000     0.000    clk
    R2                   IBUF (Prop_ibuf_I_O)         0.375     0.375 r  clk_IBUF_inst/O
                         net (fo=1, routed)           0.683     1.058    clk_IBUF
    BUFGCTRL_X0Y0        BUFG (Prop_bufg_I_O)         0.029     1.087 r  clk_IBUF_BUFG_inst/O
                         net (fo=1275, routed)        0.830     1.918    L2/neuron_n/clk_IBUF_BUFG
    SLICE_X9Y50          FDRE                                         r  L2/neuron_n/count_reg[8]/C
                         clock pessimism             -0.086     1.831    <hidden>
    SLICE_X9Y50          FDRE (Hold_fdre_C_D)         0.105     1.936    L2/neuron_n/count_reg[8]
  -------------------------------------------------------------------
                         required time                         -1.936    <hidden>
                         arrival time                           1.986    <hidden>
  -------------------------------------------------------------------
                         slack                                  0.050    <hidden>

Slack (MET) :             0.051ns  (arrival time - required time)
  Source:                 L1/output_bits_reg[14]/C
                            (rising edge-triggered cell FDRE clocked by sys_clk_pin  {rise@0.000ns fall@5.000ns period=10.000ns})
  Destination:            L2/input_reg_reg[14]/D
                            (rising edge-triggered cell FDRE clocked by sys_clk_pin  {rise@0.000ns fall@5.000ns period=10.000ns})
  Path Group:             sys_clk_pin
  Path Type:              Hold (Min at Fast Process Corner)
  Requirement:            0.000ns  (sys_clk_pin rise@0.000ns - sys_clk_pin rise@0.000ns)
  Data Path Delay:        0.364ns  (logic 0.141ns (38.684%)  route 0.223ns (61.316%))
  Logic Levels:           0  
  Clock Path Skew:        0.267ns (DCD - SCD - CPR)
    Destination Clock Delay (DCD):    1.918ns
    Source Clock Delay      (SCD):    1.559ns
    Clock Pessimism Removal (CPR):    0.091ns

    Location             Delay type                Incr(ns)  Path(ns)    Netlist Resource(s)
  -------------------------------------------------------------------    -------------------
                         (clock sys_clk_pin rise edge)
                                                      0.000     0.000 r  <hidden>
    R2                                                0.000     0.000 r  clk
                         net (fo=0)                   0.000     0.000    clk
    R2                   IBUF (Prop_ibuf_I_O)         0.345     0.345 r  clk_IBUF_inst/O
                         net (fo=1, routed)           0.630     0.975    clk_IBUF
    BUFGCTRL_X0Y0        BUFG (Prop_bufg_I_O)         0.026     1.001 r  clk_IBUF_BUFG_inst/O
                         net (fo=1275, routed)        0.559     1.559    L1/clk_IBUF_BUFG
    SLICE_X16Y50         FDRE                                         r  L1/output_bits_reg[14]/C
  -------------------------------------------------------------------    -------------------
    SLICE_X16Y50         FDRE (Prop_fdre_C_Q)         0.141     1.700 r  L1/output_bits_reg[14]/Q
                         net (fo=2, routed)           0.223     1.924    L2/input_bits[14]
    SLICE_X15Y50         FDRE                                         r  L2/input_reg_reg[14]/D
  -------------------------------------------------------------------    -------------------

                         (clock sys_clk_pin rise edge)
                                                      0.000     0.000 r  <hidden>
    R2                                                0.000     0.000 r  clk
                         net (fo=0)                   0.000     0.000    clk
    R2                   IBUF (Prop_ibuf_I_O)         0.375     0.375 r  clk_IBUF_inst/O
                         net (fo=1, routed)           0.683     1.058    clk_IBUF
    BUFGCTRL_X0Y0        BUFG (Prop_bufg_I_O)         0.029     1.087 r  clk_IBUF_BUFG_inst/O
                         net (fo=1275, routed)        0.830     1.918    L2/clk_IBUF_BUFG
    SLICE_X15Y50         FDRE                                         r  L2/input_reg_reg[14]/C
                         clock pessimism             -0.091     1.826    <hidden>
    SLICE_X15Y50         FDRE (Hold_fdre_C_D)         0.047     1.873    L2/input_reg_reg[14]
  -------------------------------------------------------------------
                         required time                         -1.873    <hidden>
                         arrival time                           1.924    <hidden>
  -------------------------------------------------------------------
                         slack                                  0.051    <hidden>

Slack (MET) :             0.052ns  (arrival time - required time)
  Source:                 L2/count_neurons_reg[3]/C
                            (rising edge-triggered cell FDRE clocked by sys_clk_pin  {rise@0.000ns fall@5.000ns period=10.000ns})
  Destination:            L2/wmem/data_reg_1/ADDRARDADDR[10]
                            (rising edge-triggered cell RAMB36E1 clocked by sys_clk_pin  {rise@0.000ns fall@5.000ns period=10.000ns})
  Path Group:             sys_clk_pin
  Path Type:              Hold (Min at Fast Process Corner)
  Requirement:            0.000ns  (sys_clk_pin rise@0.000ns - sys_clk_pin rise@0.000ns)
  Data Path Delay:        0.491ns  (logic 0.148ns (30.124%)  route 0.343ns (69.876%))
  Logic Levels:           0  
  Clock Path Skew:        0.309ns (DCD - SCD - CPR)
    Destination Clock Delay (DCD):    1.959ns
    Source Clock Delay      (SCD):    1.563ns
    Clock Pessimism Removal (CPR):    0.086ns

    Location             Delay type                Incr(ns)  Path(ns)    Netlist Resource(s)
  -------------------------------------------------------------------    -------------------
                         (clock sys_clk_pin rise edge)
                                                      0.000     0.000 r  <hidden>
    R2                                                0.000     0.000 r  clk
                         net (fo=0)                   0.000     0.000    clk
    R2                   IBUF (Prop_ibuf_I_O)         0.345     0.345 r  clk_IBUF_inst/O
                         net (fo=1, routed)           0.630     0.975    clk_IBUF
    BUFGCTRL_X0Y0        BUFG (Prop_bufg_I_O)         0.026     1.001 r  clk_IBUF_BUFG_inst/O
                         net (fo=1275, routed)        0.563     1.563    L2/clk_IBUF_BUFG
    SLICE_X8Y44          FDRE                                         r  L2/count_neurons_reg[3]/C
  -------------------------------------------------------------------    -------------------
    SLICE_X8Y44          FDRE (Prop_fdre_C_Q)         0.148     1.711 r  L2/count_neurons_reg[3]/Q
                         net (fo=20, routed)          0.343     2.055    L2/wmem/data_reg_1_0[3]
    RAMB36_X0Y10         RAMB36E1                                     r  L2/wmem/data_reg_1/ADDRARDADDR[10]
  -------------------------------------------------------------------    -------------------

                         (clock sys_clk_pin rise edge)
                                                      0.000     0.000 r  <hidden>
    R2                                                0.000     0.000 r  clk
                         net (fo=0)                   0.000     0.000    clk
    R2                   IBUF (Prop_ibuf_I_O)         0.375     0.375 r  clk_IBUF_inst/O
                         net (fo=1, routed)           0.683     1.058    clk_IBUF
    BUFGCTRL_X0Y0        BUFG (Prop_bufg_I_O)         0.029     1.087 r  clk_IBUF_BUFG_inst/O
                         net (fo=1275, routed)        0.872     1.959    L2/wmem/clk_IBUF_BUFG
    RAMB36_X0Y10         RAMB36E1                                     r  L2/wmem/data_reg_1/CLKARDCLK
                         clock pessimism             -0.086     1.873    <hidden>
    RAMB36_X0Y10         RAMB36E1 (Hold_ramb36e1_CLKARDCLK_ADDRARDADDR[10])
                                                      0.130     2.003    L2/wmem/data_reg_1
  -------------------------------------------------------------------
                         required time                         -2.003    <hidden>
                         arrival time                           2.055    <hidden>
  -------------------------------------------------------------------
                         slack                                  0.052    <hidden>

Slack (MET) :             0.054ns  (arrival time - required time)
  Source:                 L2/input_reg_reg[194]/C
                            (rising edge-triggered cell FDRE clocked by sys_clk_pin  {rise@0.000ns fall@5.000ns period=10.000ns})
  Destination:            L2/input_chunk_d_reg[2]/D
                            (rising edge-triggered cell FDRE clocked by sys_clk_pin  {rise@0.000ns fall@5.000ns period=10.000ns})
  Path Group:             sys_clk_pin
  Path Type:              Hold (Min at Fast Process Corner)
  Requirement:            0.000ns  (sys_clk_pin rise@0.000ns - sys_clk_pin rise@0.000ns)
  Data Path Delay:        0.448ns  (logic 0.247ns (55.189%)  route 0.201ns (44.811%))
  Logic Levels:           1  (LUT6=1)
  Clock Path Skew:        0.273ns (DCD - SCD - CPR)
    Destination Clock Delay (DCD):    1.950ns
    Source Clock Delay      (SCD):    1.590ns
    Clock Pessimism Removal (CPR):    0.086ns

    Location             Delay type                Incr(ns)  Path(ns)    Netlist Resource(s)
  -------------------------------------------------------------------    -------------------
                         (clock sys_clk_pin rise edge)
                                                      0.000     0.000 r  <hidden>
    R2                                                0.000     0.000 r  clk
                         net (fo=0)                   0.000     0.000    clk
    R2                   IBUF (Prop_ibuf_I_O)         0.345     0.345 r  clk_IBUF_inst/O
                         net (fo=1, routed)           0.630     0.975    clk_IBUF
    BUFGCTRL_X0Y0        BUFG (Prop_bufg_I_O)         0.026     1.001 r  clk_IBUF_BUFG_inst/O
                         net (fo=1275, routed)        0.590     1.590    L2/clk_IBUF_BUFG
    SLICE_X2Y50          FDRE                                         r  L2/input_reg_reg[194]/C
  -------------------------------------------------------------------    -------------------
    SLICE_X2Y50          FDRE (Prop_fdre_C_Q)         0.148     1.738 r  L2/input_reg_reg[194]/Q
                         net (fo=1, routed)           0.201     1.939    L2/input_reg__0[194]
    SLICE_X2Y49          LUT6 (Prop_lut6_I5_O)        0.099     2.038 r  L2/input_chunk_d[2]_i_1/O
                         net (fo=1, routed)           0.000     2.038    L2/input_chunk_d0[2]
    SLICE_X2Y49          FDRE                                         r  L2/input_chunk_d_reg[2]/D
  -------------------------------------------------------------------    -------------------

                         (clock sys_clk_pin rise edge)
                                                      0.000     0.000 r  <hidden>
    R2                                                0.000     0.000 r  clk
                         net (fo=0)                   0.000     0.000    clk
    R2                   IBUF (Prop_ibuf_I_O)         0.375     0.375 r  clk_IBUF_inst/O
                         net (fo=1, routed)           0.683     1.058    clk_IBUF
    BUFGCTRL_X0Y0        BUFG (Prop_bufg_I_O)         0.029     1.087 r  clk_IBUF_BUFG_inst/O
                         net (fo=1275, routed)        0.863     1.950    L2/clk_IBUF_BUFG
    SLICE_X2Y49          FDRE                                         r  L2/input_chunk_d_reg[2]/C
                         clock pessimism             -0.086     1.863    <hidden>
    SLICE_X2Y49          FDRE (Hold_fdre_C_D)         0.121     1.984    L2/input_chunk_d_reg[2]
  -------------------------------------------------------------------
                         required time                         -1.984    <hidden>
                         arrival time                           2.038    <hidden>
  -------------------------------------------------------------------
                         slack                                  0.054    <hidden>

Slack (MET) :             0.079ns  (arrival time - required time)
  Source:                 L2/count_neurons_reg[2]/C
                            (rising edge-triggered cell FDRE clocked by sys_clk_pin  {rise@0.000ns fall@5.000ns period=10.000ns})
  Destination:            L2/wmem/data_reg_1/ADDRARDADDR[9]
                            (rising edge-triggered cell RAMB36E1 clocked by sys_clk_pin  {rise@0.000ns fall@5.000ns period=10.000ns})
  Path Group:             sys_clk_pin
  Path Type:              Hold (Min at Fast Process Corner)
  Requirement:            0.000ns  (sys_clk_pin rise@0.000ns - sys_clk_pin rise@0.000ns)
  Data Path Delay:        0.571ns  (logic 0.164ns (28.708%)  route 0.407ns (71.292%))
  Logic Levels:           0  
  Clock Path Skew:        0.309ns (DCD - SCD - CPR)
    Destination Clock Delay (DCD):    1.959ns
    Source Clock Delay      (SCD):    1.563ns
    Clock Pessimism Removal (CPR):    0.086ns

    Location             Delay type                Incr(ns)  Path(ns)    Netlist Resource(s)
  -------------------------------------------------------------------    -------------------
                         (clock sys_clk_pin rise edge)
                                                      0.000     0.000 r  <hidden>
    R2                                                0.000     0.000 r  clk
                         net (fo=0)                   0.000     0.000    clk
    R2                   IBUF (Prop_ibuf_I_O)         0.345     0.345 r  clk_IBUF_inst/O
                         net (fo=1, routed)           0.630     0.975    clk_IBUF
    BUFGCTRL_X0Y0        BUFG (Prop_bufg_I_O)         0.026     1.001 r  clk_IBUF_BUFG_inst/O
                         net (fo=1275, routed)        0.563     1.563    L2/clk_IBUF_BUFG
    SLICE_X8Y44          FDRE                                         r  L2/count_neurons_reg[2]/C
  -------------------------------------------------------------------    -------------------
    SLICE_X8Y44          FDRE (Prop_fdre_C_Q)         0.164     1.727 r  L2/count_neurons_reg[2]/Q
                         net (fo=22, routed)          0.407     2.135    L2/wmem/data_reg_1_0[2]
    RAMB36_X0Y10         RAMB36E1                                     r  L2/wmem/data_reg_1/ADDRARDADDR[9]
  -------------------------------------------------------------------    -------------------

                         (clock sys_clk_pin rise edge)
                                                      0.000     0.000 r  <hidden>
    R2                                                0.000     0.000 r  clk
                         net (fo=0)                   0.000     0.000    clk
    R2                   IBUF (Prop_ibuf_I_O)         0.375     0.375 r  clk_IBUF_inst/O
                         net (fo=1, routed)           0.683     1.058    clk_IBUF
    BUFGCTRL_X0Y0        BUFG (Prop_bufg_I_O)         0.029     1.087 r  clk_IBUF_BUFG_inst/O
                         net (fo=1275, routed)        0.872     1.959    L2/wmem/clk_IBUF_BUFG
    RAMB36_X0Y10         RAMB36E1                                     r  L2/wmem/data_reg_1/CLKARDCLK
                         clock pessimism             -0.086     1.873    <hidden>
    RAMB36_X0Y10         RAMB36E1 (Hold_ramb36e1_CLKARDCLK_ADDRARDADDR[9])
                                                      0.183     2.056    L2/wmem/data_reg_1
  -------------------------------------------------------------------
                         required time                         -2.056    <hidden>
                         arrival time                           2.135    <hidden>
  -------------------------------------------------------------------
                         slack                                  0.079    <hidden>

Slack (MET) :             0.100ns  (arrival time - required time)
  Source:                 L1/output_bits_reg[174]/C
                            (rising edge-triggered cell FDRE clocked by sys_clk_pin  {rise@0.000ns fall@5.000ns period=10.000ns})
  Destination:            L2/input_reg_reg[174]/D
                            (rising edge-triggered cell FDRE clocked by sys_clk_pin  {rise@0.000ns fall@5.000ns period=10.000ns})
  Path Group:             sys_clk_pin
  Path Type:              Hold (Min at Fast Process Corner)
  Requirement:            0.000ns  (sys_clk_pin rise@0.000ns - sys_clk_pin rise@0.000ns)
  Data Path Delay:        0.433ns  (logic 0.141ns (32.541%)  route 0.292ns (67.459%))
  Logic Levels:           0  
  Clock Path Skew:        0.267ns (DCD - SCD - CPR)
    Destination Clock Delay (DCD):    1.920ns
    Source Clock Delay      (SCD):    1.561ns
    Clock Pessimism Removal (CPR):    0.091ns

    Location             Delay type                Incr(ns)  Path(ns)    Netlist Resource(s)
  -------------------------------------------------------------------    -------------------
                         (clock sys_clk_pin rise edge)
                                                      0.000     0.000 r  <hidden>
    R2                                                0.000     0.000 r  clk
                         net (fo=0)                   0.000     0.000    clk
    R2                   IBUF (Prop_ibuf_I_O)         0.345     0.345 r  clk_IBUF_inst/O
                         net (fo=1, routed)           0.630     0.975    clk_IBUF
    BUFGCTRL_X0Y0        BUFG (Prop_bufg_I_O)         0.026     1.001 r  clk_IBUF_BUFG_inst/O
                         net (fo=1275, routed)        0.561     1.561    L1/clk_IBUF_BUFG
    SLICE_X16Y49         FDRE                                         r  L1/output_bits_reg[174]/C
  -------------------------------------------------------------------    -------------------
    SLICE_X16Y49         FDRE (Prop_fdre_C_Q)         0.141     1.702 r  L1/output_bits_reg[174]/Q
                         net (fo=2, routed)           0.292     1.995    L2/input_bits[174]
    SLICE_X15Y49         FDRE                                         r  L2/input_reg_reg[174]/D
  -------------------------------------------------------------------    -------------------

                         (clock sys_clk_pin rise edge)
                                                      0.000     0.000 r  <hidden>
    R2                                                0.000     0.000 r  clk
                         net (fo=0)                   0.000     0.000    clk
    R2                   IBUF (Prop_ibuf_I_O)         0.375     0.375 r  clk_IBUF_inst/O
                         net (fo=1, routed)           0.683     1.058    clk_IBUF
    BUFGCTRL_X0Y0        BUFG (Prop_bufg_I_O)         0.029     1.087 r  clk_IBUF_BUFG_inst/O
                         net (fo=1275, routed)        0.833     1.920    L2/clk_IBUF_BUFG
    SLICE_X15Y49         FDRE                                         r  L2/input_reg_reg[174]/C
                         clock pessimism             -0.091     1.828    <hidden>
    SLICE_X15Y49         FDRE (Hold_fdre_C_D)         0.066     1.894    L2/input_reg_reg[174]
  -------------------------------------------------------------------
                         required time                         -1.894    <hidden>
                         arrival time                           1.995    <hidden>
  -------------------------------------------------------------------
                         slack                                  0.100    <hidden>

Slack (MET) :             0.101ns  (arrival time - required time)
  Source:                 L2/input_reg_reg[120]/C
                            (rising edge-triggered cell FDRE clocked by sys_clk_pin  {rise@0.000ns fall@5.000ns period=10.000ns})
  Destination:            L2/input_chunk_d_reg[56]/D
                            (rising edge-triggered cell FDRE clocked by sys_clk_pin  {rise@0.000ns fall@5.000ns period=10.000ns})
  Path Group:             sys_clk_pin
  Path Type:              Hold (Min at Fast Process Corner)
  Requirement:            0.000ns  (sys_clk_pin rise@0.000ns - sys_clk_pin rise@0.000ns)
  Data Path Delay:        0.460ns  (logic 0.186ns (40.428%)  route 0.274ns (59.572%))
  Logic Levels:           1  (LUT6=1)
  Clock Path Skew:        0.267ns (DCD - SCD - CPR)
    Destination Clock Delay (DCD):    1.918ns
    Source Clock Delay      (SCD):    1.559ns
    Clock Pessimism Removal (CPR):    0.091ns

    Location             Delay type                Incr(ns)  Path(ns)    Netlist Resource(s)
  -------------------------------------------------------------------    -------------------
                         (clock sys_clk_pin rise edge)
                                                      0.000     0.000 r  <hidden>
    R2                                                0.000     0.000 r  clk
                         net (fo=0)                   0.000     0.000    clk
    R2                   IBUF (Prop_ibuf_I_O)         0.345     0.345 r  clk_IBUF_inst/O
                         net (fo=1, routed)           0.630     0.975    clk_IBUF
    BUFGCTRL_X0Y0        BUFG (Prop_bufg_I_O)         0.026     1.001 r  clk_IBUF_BUFG_inst/O
                         net (fo=1275, routed)        0.559     1.559    L2/clk_IBUF_BUFG
    SLICE_X17Y52         FDRE                                         r  L2/input_reg_reg[120]/C
  -------------------------------------------------------------------    -------------------
    SLICE_X17Y52         FDRE (Prop_fdre_C_Q)         0.141     1.700 r  L2/input_reg_reg[120]/Q
                         net (fo=1, routed)           0.274     1.974    L2/input_reg__0[120]
    SLICE_X13Y52         LUT6 (Prop_lut6_I0_O)        0.045     2.019 r  L2/input_chunk_d[56]_i_1/O
                         net (fo=1, routed)           0.000     2.019    L2/input_chunk_d0[56]
    SLICE_X13Y52         FDRE                                         r  L2/input_chunk_d_reg[56]/D
  -------------------------------------------------------------------    -------------------

                         (clock sys_clk_pin rise edge)
                                                      0.000     0.000 r  <hidden>
    R2                                                0.000     0.000 r  clk
                         net (fo=0)                   0.000     0.000    clk
    R2                   IBUF (Prop_ibuf_I_O)         0.375     0.375 r  clk_IBUF_inst/O
                         net (fo=1, routed)           0.683     1.058    clk_IBUF
    BUFGCTRL_X0Y0        BUFG (Prop_bufg_I_O)         0.029     1.087 r  clk_IBUF_BUFG_inst/O
                         net (fo=1275, routed)        0.830     1.918    L2/clk_IBUF_BUFG
    SLICE_X13Y52         FDRE                                         r  L2/input_chunk_d_reg[56]/C
                         clock pessimism             -0.091     1.826    <hidden>
    SLICE_X13Y52         FDRE (Hold_fdre_C_D)         0.092     1.918    L2/input_chunk_d_reg[56]
  -------------------------------------------------------------------
                         required time                         -1.918    <hidden>
                         arrival time                           2.019    <hidden>
  -------------------------------------------------------------------
                         slack                                  0.101    <hidden>

Slack (MET) :             0.104ns  (arrival time - required time)
  Source:                 L2/input_reg_reg[16]/C
                            (rising edge-triggered cell FDRE clocked by sys_clk_pin  {rise@0.000ns fall@5.000ns period=10.000ns})
  Destination:            L2/input_chunk_d_reg[16]/D
                            (rising edge-triggered cell FDRE clocked by sys_clk_pin  {rise@0.000ns fall@5.000ns period=10.000ns})
  Path Group:             sys_clk_pin
  Path Type:              Hold (Min at Fast Process Corner)
  Requirement:            0.000ns  (sys_clk_pin rise@0.000ns - sys_clk_pin rise@0.000ns)
  Data Path Delay:        0.238ns  (logic 0.186ns (78.117%)  route 0.052ns (21.883%))
  Logic Levels:           1  (LUT6=1)
  Clock Path Skew:        0.013ns (DCD - SCD - CPR)
    Destination Clock Delay (DCD):    1.919ns
    Source Clock Delay      (SCD):    1.563ns
    Clock Pessimism Removal (CPR):    0.342ns

    Location             Delay type                Incr(ns)  Path(ns)    Netlist Resource(s)
  -------------------------------------------------------------------    -------------------
                         (clock sys_clk_pin rise edge)
                                                      0.000     0.000 r  <hidden>
    R2                                                0.000     0.000 r  clk
                         net (fo=0)                   0.000     0.000    clk
    R2                   IBUF (Prop_ibuf_I_O)         0.345     0.345 r  clk_IBUF_inst/O
                         net (fo=1, routed)           0.630     0.975    clk_IBUF
    BUFGCTRL_X0Y0        BUFG (Prop_bufg_I_O)         0.026     1.001 r  clk_IBUF_BUFG_inst/O
                         net (fo=1275, routed)        0.563     1.563    L2/clk_IBUF_BUFG
    SLICE_X13Y44         FDRE                                         r  L2/input_reg_reg[16]/C
  -------------------------------------------------------------------    -------------------
    SLICE_X13Y44         FDRE (Prop_fdre_C_Q)         0.141     1.704 r  L2/input_reg_reg[16]/Q
                         net (fo=1, routed)           0.052     1.756    L2/input_reg__0[16]
    SLICE_X12Y44         LUT6 (Prop_lut6_I2_O)        0.045     1.801 r  L2/input_chunk_d[16]_i_1/O
                         net (fo=1, routed)           0.000     1.801    L2/input_chunk_d0[16]
    SLICE_X12Y44         FDRE                                         r  L2/input_chunk_d_reg[16]/D
  -------------------------------------------------------------------    -------------------

                         (clock sys_clk_pin rise edge)
                                                      0.000     0.000 r  <hidden>
    R2                                                0.000     0.000 r  clk
                         net (fo=0)                   0.000     0.000    clk
    R2                   IBUF (Prop_ibuf_I_O)         0.375     0.375 r  clk_IBUF_inst/O
                         net (fo=1, routed)           0.683     1.058    clk_IBUF
    BUFGCTRL_X0Y0        BUFG (Prop_bufg_I_O)         0.029     1.087 r  clk_IBUF_BUFG_inst/O
                         net (fo=1275, routed)        0.832     1.919    L2/clk_IBUF_BUFG
    SLICE_X12Y44         FDRE                                         r  L2/input_chunk_d_reg[16]/C
                         clock pessimism             -0.342     1.576    <hidden>
    SLICE_X12Y44         FDRE (Hold_fdre_C_D)         0.121     1.697    L2/input_chunk_d_reg[16]
  -------------------------------------------------------------------
                         required time                         -1.697    <hidden>
                         arrival time                           1.801    <hidden>
  -------------------------------------------------------------------
                         slack                                  0.104    <hidden>

Slack (MET) :             0.104ns  (arrival time - required time)
  Source:                 L2/input_reg_reg[152]/C
                            (rising edge-triggered cell FDRE clocked by sys_clk_pin  {rise@0.000ns fall@5.000ns period=10.000ns})
  Destination:            L2/input_chunk_d_reg[24]/D
                            (rising edge-triggered cell FDRE clocked by sys_clk_pin  {rise@0.000ns fall@5.000ns period=10.000ns})
  Path Group:             sys_clk_pin
  Path Type:              Hold (Min at Fast Process Corner)
  Requirement:            0.000ns  (sys_clk_pin rise@0.000ns - sys_clk_pin rise@0.000ns)
  Data Path Delay:        0.238ns  (logic 0.186ns (78.117%)  route 0.052ns (21.883%))
  Logic Levels:           1  (LUT6=1)
  Clock Path Skew:        0.013ns (DCD - SCD - CPR)
    Destination Clock Delay (DCD):    1.919ns
    Source Clock Delay      (SCD):    1.563ns
    Clock Pessimism Removal (CPR):    0.342ns

    Location             Delay type                Incr(ns)  Path(ns)    Netlist Resource(s)
  -------------------------------------------------------------------    -------------------
                         (clock sys_clk_pin rise edge)
                                                      0.000     0.000 r  <hidden>
    R2                                                0.000     0.000 r  clk
                         net (fo=0)                   0.000     0.000    clk
    R2                   IBUF (Prop_ibuf_I_O)         0.345     0.345 r  clk_IBUF_inst/O
                         net (fo=1, routed)           0.630     0.975    clk_IBUF
    BUFGCTRL_X0Y0        BUFG (Prop_bufg_I_O)         0.026     1.001 r  clk_IBUF_BUFG_inst/O
                         net (fo=1275, routed)        0.563     1.563    L2/clk_IBUF_BUFG
    SLICE_X13Y46         FDRE                                         r  L2/input_reg_reg[152]/C
  -------------------------------------------------------------------    -------------------
    SLICE_X13Y46         FDRE (Prop_fdre_C_Q)         0.141     1.704 r  L2/input_reg_reg[152]/Q
                         net (fo=1, routed)           0.052     1.756    L2/input_reg__0[152]
    SLICE_X12Y46         LUT6 (Prop_lut6_I5_O)        0.045     1.801 r  L2/input_chunk_d[24]_i_1/O
                         net (fo=1, routed)           0.000     1.801    L2/input_chunk_d0[24]
    SLICE_X12Y46         FDRE                                         r  L2/input_chunk_d_reg[24]/D
  -------------------------------------------------------------------    -------------------

                         (clock sys_clk_pin rise edge)
                                                      0.000     0.000 r  <hidden>
    R2                                                0.000     0.000 r  clk
                         net (fo=0)                   0.000     0.000    clk
    R2                   IBUF (Prop_ibuf_I_O)         0.375     0.375 r  clk_IBUF_inst/O
                         net (fo=1, routed)           0.683     1.058    clk_IBUF
    BUFGCTRL_X0Y0        BUFG (Prop_bufg_I_O)         0.029     1.087 r  clk_IBUF_BUFG_inst/O
                         net (fo=1275, routed)        0.832     1.919    L2/clk_IBUF_BUFG
    SLICE_X12Y46         FDRE                                         r  L2/input_chunk_d_reg[24]/C
                         clock pessimism             -0.342     1.576    <hidden>
    SLICE_X12Y46         FDRE (Hold_fdre_C_D)         0.121     1.697    L2/input_chunk_d_reg[24]
  -------------------------------------------------------------------
                         required time                         -1.697    <hidden>
                         arrival time                           1.801    <hidden>
  -------------------------------------------------------------------
                         slack                                  0.104    <hidden>

Slack (MET) :             0.104ns  (arrival time - required time)
  Source:                 L2/input_reg_reg[174]/C
                            (rising edge-triggered cell FDRE clocked by sys_clk_pin  {rise@0.000ns fall@5.000ns period=10.000ns})
  Destination:            L2/input_chunk_d_reg[46]/D
                            (rising edge-triggered cell FDRE clocked by sys_clk_pin  {rise@0.000ns fall@5.000ns period=10.000ns})
  Path Group:             sys_clk_pin
  Path Type:              Hold (Min at Fast Process Corner)
  Requirement:            0.000ns  (sys_clk_pin rise@0.000ns - sys_clk_pin rise@0.000ns)
  Data Path Delay:        0.238ns  (logic 0.186ns (78.117%)  route 0.052ns (21.883%))
  Logic Levels:           1  (LUT6=1)
  Clock Path Skew:        0.013ns (DCD - SCD - CPR)
    Destination Clock Delay (DCD):    1.920ns
    Source Clock Delay      (SCD):    1.564ns
    Clock Pessimism Removal (CPR):    0.342ns

    Location             Delay type                Incr(ns)  Path(ns)    Netlist Resource(s)
  -------------------------------------------------------------------    -------------------
                         (clock sys_clk_pin rise edge)
                                                      0.000     0.000 r  <hidden>
    R2                                                0.000     0.000 r  clk
                         net (fo=0)                   0.000     0.000    clk
    R2                   IBUF (Prop_ibuf_I_O)         0.345     0.345 r  clk_IBUF_inst/O
                         net (fo=1, routed)           0.630     0.975    clk_IBUF
    BUFGCTRL_X0Y0        BUFG (Prop_bufg_I_O)         0.026     1.001 r  clk_IBUF_BUFG_inst/O
                         net (fo=1275, routed)        0.564     1.564    L2/clk_IBUF_BUFG
    SLICE_X15Y49         FDRE                                         r  L2/input_reg_reg[174]/C
  -------------------------------------------------------------------    -------------------
    SLICE_X15Y49         FDRE (Prop_fdre_C_Q)         0.141     1.705 r  L2/input_reg_reg[174]/Q
                         net (fo=1, routed)           0.052     1.757    L2/input_reg__0[174]
    SLICE_X14Y49         LUT6 (Prop_lut6_I2_O)        0.045     1.802 r  L2/input_chunk_d[46]_i_1/O
                         net (fo=1, routed)           0.000     1.802    L2/input_chunk_d0[46]
    SLICE_X14Y49         FDRE                                         r  L2/input_chunk_d_reg[46]/D
  -------------------------------------------------------------------    -------------------

                         (clock sys_clk_pin rise edge)
                                                      0.000     0.000 r  <hidden>
    R2                                                0.000     0.000 r  clk
                         net (fo=0)                   0.000     0.000    clk
    R2                   IBUF (Prop_ibuf_I_O)         0.375     0.375 r  clk_IBUF_inst/O
                         net (fo=1, routed)           0.683     1.058    clk_IBUF
    BUFGCTRL_X0Y0        BUFG (Prop_bufg_I_O)         0.029     1.087 r  clk_IBUF_BUFG_inst/O
                         net (fo=1275, routed)        0.833     1.920    L2/clk_IBUF_BUFG
    SLICE_X14Y49         FDRE                                         r  L2/input_chunk_d_reg[46]/C
                         clock pessimism             -0.342     1.577    <hidden>
    SLICE_X14Y49         FDRE (Hold_fdre_C_D)         0.121     1.698    L2/input_chunk_d_reg[46]
  -------------------------------------------------------------------
                         required time                         -1.698    <hidden>
                         arrival time                           1.802    <hidden>
  -------------------------------------------------------------------
                         slack                                  0.104    <hidden>





Pulse Width Checks
--------------------------------------------------------------------------------------
Clock Name:         sys_clk_pin
Waveform(ns):       { 0.000 5.000 }
Period(ns):         10.000
Sources:            { clk }

Check Type        Corner  Lib Pin             Reference Pin  Required(ns)  Actual(ns)  Slack(ns)  Location      Pin
Min Period        n/a     RAMB18E1/CLKARDCLK  n/a            2.576         10.000      7.424      RAMB18_X0Y8   L1/count_neurons_reg_rep/CLKARDCLK
Min Period        n/a     RAMB36E1/CLKARDCLK  n/a            2.576         10.000      7.424      RAMB36_X1Y2   L1/wmem/data_reg_0/CLKARDCLK
Min Period        n/a     RAMB36E1/CLKARDCLK  n/a            2.576         10.000      7.424      RAMB36_X2Y2   L1/wmem/data_reg_1/CLKARDCLK
Min Period        n/a     RAMB36E1/CLKARDCLK  n/a            2.576         10.000      7.424      RAMB36_X1Y3   L1/wmem/data_reg_2/CLKARDCLK
Min Period        n/a     RAMB36E1/CLKARDCLK  n/a            2.576         10.000      7.424      RAMB36_X1Y6   L1/wmem/data_reg_3/CLKARDCLK
Min Period        n/a     RAMB36E1/CLKARDCLK  n/a            2.576         10.000      7.424      RAMB36_X1Y5   L1/wmem/data_reg_4/CLKARDCLK
Min Period        n/a     RAMB36E1/CLKARDCLK  n/a            2.576         10.000      7.424      RAMB36_X1Y4   L1/wmem/data_reg_5/CLKARDCLK
Min Period        n/a     RAMB36E1/CLKARDCLK  n/a            2.576         10.000      7.424      RAMB36_X2Y3   L1/wmem/data_reg_6/CLKARDCLK
Min Period        n/a     RAMB36E1/CLKARDCLK  n/a            2.576         10.000      7.424      RAMB36_X2Y4   L1/wmem/data_reg_7/CLKARDCLK
Min Period        n/a     RAMB18E1/CLKARDCLK  n/a            2.576         10.000      7.424      RAMB18_X0Y16  L2/count_neurons_reg_rep/CLKARDCLK
Low Pulse Width   Slow    FDRE/C              n/a            0.500         5.000       4.500      SLICE_X8Y45   rst_s_reg[0]/C
Low Pulse Width   Fast    FDRE/C              n/a            0.500         5.000       4.500      SLICE_X8Y45   rst_s_reg[0]/C
Low Pulse Width   Slow    FDRE/C              n/a            0.500         5.000       4.500      SLICE_X8Y45   rst_s_reg[1]/C
Low Pulse Width   Fast    FDRE/C              n/a            0.500         5.000       4.500      SLICE_X8Y45   rst_s_reg[1]/C
Low Pulse Width   Slow    FDRE/C              n/a            0.500         5.000       4.500      SLICE_X16Y27  start_running_reg/C
Low Pulse Width   Fast    FDRE/C              n/a            0.500         5.000       4.500      SLICE_X16Y27  start_running_reg/C
Low Pulse Width   Slow    FDRE/C              n/a            0.500         5.000       4.500      SLICE_X12Y27  L1/FSM_sequential_current_state_reg[0]/C
Low Pulse Width   Fast    FDRE/C              n/a            0.500         5.000       4.500      SLICE_X12Y27  L1/FSM_sequential_current_state_reg[0]/C
Low Pulse Width   Slow    FDRE/C              n/a            0.500         5.000       4.500      SLICE_X12Y27  L1/FSM_sequential_current_state_reg[1]/C
Low Pulse Width   Fast    FDRE/C              n/a            0.500         5.000       4.500      SLICE_X12Y27  L1/FSM_sequential_current_state_reg[1]/C
High Pulse Width  Slow    FDRE/C              n/a            0.500         5.000       4.500      SLICE_X8Y45   rst_s_reg[0]/C
High Pulse Width  Fast    FDRE/C              n/a            0.500         5.000       4.500      SLICE_X8Y45   rst_s_reg[0]/C
High Pulse Width  Slow    FDRE/C              n/a            0.500         5.000       4.500      SLICE_X8Y45   rst_s_reg[1]/C
High Pulse Width  Fast    FDRE/C              n/a            0.500         5.000       4.500      SLICE_X8Y45   rst_s_reg[1]/C
High Pulse Width  Slow    FDRE/C              n/a            0.500         5.000       4.500      SLICE_X16Y27  start_running_reg/C
High Pulse Width  Fast    FDRE/C              n/a            0.500         5.000       4.500      SLICE_X16Y27  start_running_reg/C
High Pulse Width  Slow    FDRE/C              n/a            0.500         5.000       4.500      SLICE_X12Y27  L1/FSM_sequential_current_state_reg[0]/C
High Pulse Width  Fast    FDRE/C              n/a            0.500         5.000       4.500      SLICE_X12Y27  L1/FSM_sequential_current_state_reg[0]/C
High Pulse Width  Slow    FDRE/C              n/a            0.500         5.000       4.500      SLICE_X12Y27  L1/FSM_sequential_current_state_reg[1]/C
High Pulse Width  Fast    FDRE/C              n/a            0.500         5.000       4.500      SLICE_X12Y27  L1/FSM_sequential_current_state_reg[1]/C



--------------------------------------------------------------------------------------
Path Group:  (none)
From Clock:  sys_clk_pin
  To Clock:  

Max Delay             4 Endpoints
Min Delay             4 Endpoints
--------------------------------------------------------------------------------------


Max Delay Paths
--------------------------------------------------------------------------------------
Slack:                    inf
  Source:                 L3/digit_reg[1]/C
                            (rising edge-triggered cell FDRE clocked by sys_clk_pin  {rise@0.000ns fall@5.000ns period=10.000ns})
  Destination:            led[1]
                            (output port)
  Path Group:             (none)
  Path Type:              Max at Slow Process Corner
  Data Path Delay:        7.125ns  (logic 4.169ns (58.511%)  route 2.956ns (41.489%))
  Logic Levels:           1  (OBUF=1)
  Clock Uncertainty:      0.025ns  ((TSJ^2 + TIJ^2)^1/2 + DJ) / 2 + PE
    Total System Jitter     (TSJ):    0.050ns
    Total Input Jitter      (TIJ):    0.000ns
    Discrete Jitter          (DJ):    0.000ns
    Phase Error              (PE):    0.000ns

    Location             Delay type                Incr(ns)  Path(ns)    Netlist Resource(s)
  -------------------------------------------------------------------    -------------------
                         (clock sys_clk_pin rise edge)
                                                      0.000     0.000 r  <hidden>
    R2                                                0.000     0.000 r  clk
                         net (fo=0)                   0.000     0.000    clk
    R2                   IBUF (Prop_ibuf_I_O)         0.880     0.880 r  clk_IBUF_inst/O
                         net (fo=1, routed)           1.962     2.841    clk_IBUF
    BUFGCTRL_X0Y0        BUFG (Prop_bufg_I_O)         0.096     2.937 r  clk_IBUF_BUFG_inst/O
                         net (fo=1275, routed)        1.556     4.494    L3/clk_IBUF_BUFG
    SLICE_X8Y35          FDRE                                         r  L3/digit_reg[1]/C
  -------------------------------------------------------------------    -------------------
    SLICE_X8Y35          FDRE (Prop_fdre_C_Q)         0.478     4.972 r  L3/digit_reg[1]/Q
                         net (fo=1, routed)           2.956     7.927    led_OBUF[1]
    F13                  OBUF (Prop_obuf_I_O)         3.691    11.618 r  led_OBUF[1]_inst/O
                         net (fo=0)                   0.000    11.618    led[1]
    F13                                                               r  led[1]
  -------------------------------------------------------------------    -------------------

Slack:                    inf
  Source:                 L3/digit_reg[3]/C
                            (rising edge-triggered cell FDRE clocked by sys_clk_pin  {rise@0.000ns fall@5.000ns period=10.000ns})
  Destination:            led[3]
                            (output port)
  Path Group:             (none)
  Path Type:              Max at Slow Process Corner
  Data Path Delay:        7.005ns  (logic 4.173ns (59.565%)  route 2.832ns (40.435%))
  Logic Levels:           1  (OBUF=1)
  Clock Uncertainty:      0.025ns  ((TSJ^2 + TIJ^2)^1/2 + DJ) / 2 + PE
    Total System Jitter     (TSJ):    0.050ns
    Total Input Jitter      (TIJ):    0.000ns
    Discrete Jitter          (DJ):    0.000ns
    Phase Error              (PE):    0.000ns

    Location             Delay type                Incr(ns)  Path(ns)    Netlist Resource(s)
  -------------------------------------------------------------------    -------------------
                         (clock sys_clk_pin rise edge)
                                                      0.000     0.000 r  <hidden>
    R2                                                0.000     0.000 r  clk
                         net (fo=0)                   0.000     0.000    clk
    R2                   IBUF (Prop_ibuf_I_O)         0.880     0.880 r  clk_IBUF_inst/O
                         net (fo=1, routed)           1.962     2.841    clk_IBUF
    BUFGCTRL_X0Y0        BUFG (Prop_bufg_I_O)         0.096     2.937 r  clk_IBUF_BUFG_inst/O
                         net (fo=1275, routed)        1.622     4.560    L3/clk_IBUF_BUFG
    SLICE_X6Y34          FDRE                                         r  L3/digit_reg[3]/C
  -------------------------------------------------------------------    -------------------
    SLICE_X6Y34          FDRE (Prop_fdre_C_Q)         0.478     5.038 r  L3/digit_reg[3]/Q
                         net (fo=1, routed)           2.832     7.870    led_OBUF[3]
    H15                  OBUF (Prop_obuf_I_O)         3.695    11.565 r  led_OBUF[3]_inst/O
                         net (fo=0)                   0.000    11.565    led[3]
    H15                                                               r  led[3]
  -------------------------------------------------------------------    -------------------

Slack:                    inf
  Source:                 L3/digit_reg[2]/C
                            (rising edge-triggered cell FDRE clocked by sys_clk_pin  {rise@0.000ns fall@5.000ns period=10.000ns})
  Destination:            led[2]
                            (output port)
  Path Group:             (none)
  Path Type:              Max at Slow Process Corner
  Data Path Delay:        6.714ns  (logic 4.038ns (60.151%)  route 2.675ns (39.849%))
  Logic Levels:           1  (OBUF=1)
  Clock Uncertainty:      0.025ns  ((TSJ^2 + TIJ^2)^1/2 + DJ) / 2 + PE
    Total System Jitter     (TSJ):    0.050ns
    Total Input Jitter      (TIJ):    0.000ns
    Discrete Jitter          (DJ):    0.000ns
    Phase Error              (PE):    0.000ns

    Location             Delay type                Incr(ns)  Path(ns)    Netlist Resource(s)
  -------------------------------------------------------------------    -------------------
                         (clock sys_clk_pin rise edge)
                                                      0.000     0.000 r  <hidden>
    R2                                                0.000     0.000 r  clk
                         net (fo=0)                   0.000     0.000    clk
    R2                   IBUF (Prop_ibuf_I_O)         0.880     0.880 r  clk_IBUF_inst/O
                         net (fo=1, routed)           1.962     2.841    clk_IBUF
    BUFGCTRL_X0Y0        BUFG (Prop_bufg_I_O)         0.096     2.937 r  clk_IBUF_BUFG_inst/O
                         net (fo=1275, routed)        1.622     4.560    L3/clk_IBUF_BUFG
    SLICE_X6Y34          FDRE                                         r  L3/digit_reg[2]/C
  -------------------------------------------------------------------    -------------------
    SLICE_X6Y34          FDRE (Prop_fdre_C_Q)         0.518     5.078 r  L3/digit_reg[2]/Q
                         net (fo=1, routed)           2.675     7.753    led_OBUF[2]
    E13                  OBUF (Prop_obuf_I_O)         3.520    11.273 r  led_OBUF[2]_inst/O
                         net (fo=0)                   0.000    11.273    led[2]
    E13                                                               r  led[2]
  -------------------------------------------------------------------    -------------------

Slack:                    inf
  Source:                 L3/digit_reg[0]/C
                            (rising edge-triggered cell FDRE clocked by sys_clk_pin  {rise@0.000ns fall@5.000ns period=10.000ns})
  Destination:            led[0]
                            (output port)
  Path Group:             (none)
  Path Type:              Max at Slow Process Corner
  Data Path Delay:        6.758ns  (logic 4.040ns (59.783%)  route 2.718ns (40.217%))
  Logic Levels:           1  (OBUF=1)
  Clock Uncertainty:      0.025ns  ((TSJ^2 + TIJ^2)^1/2 + DJ) / 2 + PE
    Total System Jitter     (TSJ):    0.050ns
    Total Input Jitter      (TIJ):    0.000ns
    Discrete Jitter          (DJ):    0.000ns
    Phase Error              (PE):    0.000ns

    Location             Delay type                Incr(ns)  Path(ns)    Netlist Resource(s)
  -------------------------------------------------------------------    -------------------
                         (clock sys_clk_pin rise edge)
                                                      0.000     0.000 r  <hidden>
    R2                                                0.000     0.000 r  clk
                         net (fo=0)                   0.000     0.000    clk
    R2                   IBUF (Prop_ibuf_I_O)         0.880     0.880 r  clk_IBUF_inst/O
                         net (fo=1, routed)           1.962     2.841    clk_IBUF
    BUFGCTRL_X0Y0        BUFG (Prop_bufg_I_O)         0.096     2.937 r  clk_IBUF_BUFG_inst/O
                         net (fo=1275, routed)        1.556     4.494    L3/clk_IBUF_BUFG
    SLICE_X8Y35          FDRE                                         r  L3/digit_reg[0]/C
  -------------------------------------------------------------------    -------------------
    SLICE_X8Y35          FDRE (Prop_fdre_C_Q)         0.518     5.012 r  L3/digit_reg[0]/Q
                         net (fo=1, routed)           2.718     7.730    led_OBUF[0]
    E18                  OBUF (Prop_obuf_I_O)         3.522    11.252 r  led_OBUF[0]_inst/O
                         net (fo=0)                   0.000    11.252    led[0]
    E18                                                               r  led[0]
  -------------------------------------------------------------------    -------------------





Min Delay Paths
--------------------------------------------------------------------------------------
Slack:                    inf
  Source:                 L3/digit_reg[2]/C
                            (rising edge-triggered cell FDRE clocked by sys_clk_pin  {rise@0.000ns fall@5.000ns period=10.000ns})
  Destination:            led[2]
                            (output port)
  Path Group:             (none)
  Path Type:              Min at Fast Process Corner
  Data Path Delay:        2.127ns  (logic 1.385ns (65.139%)  route 0.741ns (34.861%))
  Logic Levels:           1  (OBUF=1)
  Clock Uncertainty:      0.025ns  ((TSJ^2 + TIJ^2)^1/2 + DJ) / 2 + PE
    Total System Jitter     (TSJ):    0.050ns
    Total Input Jitter      (TIJ):    0.000ns
    Discrete Jitter          (DJ):    0.000ns
    Phase Error              (PE):    0.000ns

    Location             Delay type                Incr(ns)  Path(ns)    Netlist Resource(s)
  -------------------------------------------------------------------    -------------------
                         (clock sys_clk_pin rise edge)
                                                      0.000     0.000 r  <hidden>
    R2                                                0.000     0.000 r  clk
                         net (fo=0)                   0.000     0.000    clk
    R2                   IBUF (Prop_ibuf_I_O)         0.345     0.345 r  clk_IBUF_inst/O
                         net (fo=1, routed)           0.630     0.975    clk_IBUF
    BUFGCTRL_X0Y0        BUFG (Prop_bufg_I_O)         0.026     1.001 r  clk_IBUF_BUFG_inst/O
                         net (fo=1275, routed)        0.586     1.586    L3/clk_IBUF_BUFG
    SLICE_X6Y34          FDRE                                         r  L3/digit_reg[2]/C
  -------------------------------------------------------------------    -------------------
    SLICE_X6Y34          FDRE (Prop_fdre_C_Q)         0.164     1.750 r  L3/digit_reg[2]/Q
                         net (fo=1, routed)           0.741     2.492    led_OBUF[2]
    E13                  OBUF (Prop_obuf_I_O)         1.221     3.713 r  led_OBUF[2]_inst/O
                         net (fo=0)                   0.000     3.713    led[2]
    E13                                                               r  led[2]
  -------------------------------------------------------------------    -------------------

Slack:                    inf
  Source:                 L3/digit_reg[0]/C
                            (rising edge-triggered cell FDRE clocked by sys_clk_pin  {rise@0.000ns fall@5.000ns period=10.000ns})
  Destination:            led[0]
                            (output port)
  Path Group:             (none)
  Path Type:              Min at Fast Process Corner
  Data Path Delay:        2.195ns  (logic 1.387ns (63.194%)  route 0.808ns (36.806%))
  Logic Levels:           1  (OBUF=1)
  Clock Uncertainty:      0.025ns  ((TSJ^2 + TIJ^2)^1/2 + DJ) / 2 + PE
    Total System Jitter     (TSJ):    0.050ns
    Total Input Jitter      (TIJ):    0.000ns
    Discrete Jitter          (DJ):    0.000ns
    Phase Error              (PE):    0.000ns

    Location             Delay type                Incr(ns)  Path(ns)    Netlist Resource(s)
  -------------------------------------------------------------------    -------------------
                         (clock sys_clk_pin rise edge)
                                                      0.000     0.000 r  <hidden>
    R2                                                0.000     0.000 r  clk
                         net (fo=0)                   0.000     0.000    clk
    R2                   IBUF (Prop_ibuf_I_O)         0.345     0.345 r  clk_IBUF_inst/O
                         net (fo=1, routed)           0.630     0.975    clk_IBUF
    BUFGCTRL_X0Y0        BUFG (Prop_bufg_I_O)         0.026     1.001 r  clk_IBUF_BUFG_inst/O
                         net (fo=1275, routed)        0.559     1.559    L3/clk_IBUF_BUFG
    SLICE_X8Y35          FDRE                                         r  L3/digit_reg[0]/C
  -------------------------------------------------------------------    -------------------
    SLICE_X8Y35          FDRE (Prop_fdre_C_Q)         0.164     1.723 r  L3/digit_reg[0]/Q
                         net (fo=1, routed)           0.808     2.531    led_OBUF[0]
    E18                  OBUF (Prop_obuf_I_O)         1.223     3.755 r  led_OBUF[0]_inst/O
                         net (fo=0)                   0.000     3.755    led[0]
    E18                                                               r  led[0]
  -------------------------------------------------------------------    -------------------

Slack:                    inf
  Source:                 L3/digit_reg[3]/C
                            (rising edge-triggered cell FDRE clocked by sys_clk_pin  {rise@0.000ns fall@5.000ns period=10.000ns})
  Destination:            led[3]
                            (output port)
  Path Group:             (none)
  Path Type:              Min at Fast Process Corner
  Data Path Delay:        2.234ns  (logic 1.421ns (63.588%)  route 0.813ns (36.412%))
  Logic Levels:           1  (OBUF=1)
  Clock Uncertainty:      0.025ns  ((TSJ^2 + TIJ^2)^1/2 + DJ) / 2 + PE
    Total System Jitter     (TSJ):    0.050ns
    Total Input Jitter      (TIJ):    0.000ns
    Discrete Jitter          (DJ):    0.000ns
    Phase Error              (PE):    0.000ns

    Location             Delay type                Incr(ns)  Path(ns)    Netlist Resource(s)
  -------------------------------------------------------------------    -------------------
                         (clock sys_clk_pin rise edge)
                                                      0.000     0.000 r  <hidden>
    R2                                                0.000     0.000 r  clk
                         net (fo=0)                   0.000     0.000    clk
    R2                   IBUF (Prop_ibuf_I_O)         0.345     0.345 r  clk_IBUF_inst/O
                         net (fo=1, routed)           0.630     0.975    clk_IBUF
    BUFGCTRL_X0Y0        BUFG (Prop_bufg_I_O)         0.026     1.001 r  clk_IBUF_BUFG_inst/O
                         net (fo=1275, routed)        0.586     1.586    L3/clk_IBUF_BUFG
    SLICE_X6Y34          FDRE                                         r  L3/digit_reg[3]/C
  -------------------------------------------------------------------    -------------------
    SLICE_X6Y34          FDRE (Prop_fdre_C_Q)         0.148     1.734 r  L3/digit_reg[3]/Q
                         net (fo=1, routed)           0.813     2.548    led_OBUF[3]
    H15                  OBUF (Prop_obuf_I_O)         1.273     3.820 r  led_OBUF[3]_inst/O
                         net (fo=0)                   0.000     3.820    led[3]
    H15                                                               r  led[3]
  -------------------------------------------------------------------    -------------------

Slack:                    inf
  Source:                 L3/digit_reg[1]/C
                            (rising edge-triggered cell FDRE clocked by sys_clk_pin  {rise@0.000ns fall@5.000ns period=10.000ns})
  Destination:            led[1]
                            (output port)
  Path Group:             (none)
  Path Type:              Min at Fast Process Corner
  Data Path Delay:        2.339ns  (logic 1.422ns (60.791%)  route 0.917ns (39.209%))
  Logic Levels:           1  (OBUF=1)
  Clock Uncertainty:      0.025ns  ((TSJ^2 + TIJ^2)^1/2 + DJ) / 2 + PE
    Total System Jitter     (TSJ):    0.050ns
    Total Input Jitter      (TIJ):    0.000ns
    Discrete Jitter          (DJ):    0.000ns
    Phase Error              (PE):    0.000ns

    Location             Delay type                Incr(ns)  Path(ns)    Netlist Resource(s)
  -------------------------------------------------------------------    -------------------
                         (clock sys_clk_pin rise edge)
                                                      0.000     0.000 r  <hidden>
    R2                                                0.000     0.000 r  clk
                         net (fo=0)                   0.000     0.000    clk
    R2                   IBUF (Prop_ibuf_I_O)         0.345     0.345 r  clk_IBUF_inst/O
                         net (fo=1, routed)           0.630     0.975    clk_IBUF
    BUFGCTRL_X0Y0        BUFG (Prop_bufg_I_O)         0.026     1.001 r  clk_IBUF_BUFG_inst/O
                         net (fo=1275, routed)        0.559     1.559    L3/clk_IBUF_BUFG
    SLICE_X8Y35          FDRE                                         r  L3/digit_reg[1]/C
  -------------------------------------------------------------------    -------------------
    SLICE_X8Y35          FDRE (Prop_fdre_C_Q)         0.148     1.707 r  L3/digit_reg[1]/Q
                         net (fo=1, routed)           0.917     2.624    led_OBUF[1]
    F13                  OBUF (Prop_obuf_I_O)         1.274     3.898 r  led_OBUF[1]_inst/O
                         net (fo=0)                   0.000     3.898    led[1]
    F13                                                               r  led[1]
  -------------------------------------------------------------------    -------------------





--------------------------------------------------------------------------------------
Path Group:  (none)
From Clock:  
  To Clock:  sys_clk_pin

Max Delay             1 Endpoint
Min Delay             1 Endpoint
--------------------------------------------------------------------------------------


Max Delay Paths
--------------------------------------------------------------------------------------
Slack:                    inf
  Source:                 btn
                            (input port)
  Destination:            rst_s_reg[0]/D
                            (rising edge-triggered cell FDRE clocked by sys_clk_pin  {rise@0.000ns fall@5.000ns period=10.000ns})
  Path Group:             (none)
  Path Type:              Setup (Max at Slow Process Corner)
  Data Path Delay:        3.271ns  (logic 1.460ns (44.624%)  route 1.811ns (55.376%))
  Logic Levels:           1  (IBUF=1)
  Clock Path Skew:        4.232ns (DCD - SCD + CPR)
    Destination Clock Delay (DCD):    4.232ns
    Source Clock Delay      (SCD):    0.000ns
    Clock Pessimism Removal (CPR):    0.000ns
  Clock Uncertainty:      0.025ns  ((TSJ^2 + TIJ^2)^1/2 + DJ) / 2 + PE
    Total System Jitter     (TSJ):    0.050ns
    Total Input Jitter      (TIJ):    0.000ns
    Discrete Jitter          (DJ):    0.000ns
    Phase Error              (PE):    0.000ns

    Location             Delay type                Incr(ns)  Path(ns)    Netlist Resource(s)
  -------------------------------------------------------------------    -------------------
    G15                                               0.000     0.000 r  btn
                         net (fo=0)                   0.000     0.000    btn
    G15                  IBUF (Prop_ibuf_I_O)         1.460     1.460 r  btn_IBUF_inst/O
                         net (fo=1, routed)           1.811     3.271    btn_IBUF
    SLICE_X8Y45          FDRE                                         r  rst_s_reg[0]/D
  -------------------------------------------------------------------    -------------------

                         (clock sys_clk_pin rise edge)
                                                      0.000     0.000 r  <hidden>
    R2                                                0.000     0.000 r  clk
                         net (fo=0)                   0.000     0.000    clk
    R2                   IBUF (Prop_ibuf_I_O)         0.839     0.839 r  clk_IBUF_inst/O
                         net (fo=1, routed)           1.859     2.698    clk_IBUF
    BUFGCTRL_X0Y0        BUFG (Prop_bufg_I_O)         0.091     2.789 r  clk_IBUF_BUFG_inst/O
                         net (fo=1275, routed)        1.442     4.232    clk_IBUF_BUFG
    SLICE_X8Y45          FDRE                                         r  rst_s_reg[0]/C





Min Delay Paths
--------------------------------------------------------------------------------------
Slack:                    inf
  Source:                 btn
                            (input port)
  Destination:            rst_s_reg[0]/D
                            (rising edge-triggered cell FDRE clocked by sys_clk_pin  {rise@0.000ns fall@5.000ns period=10.000ns})
  Path Group:             (none)
  Path Type:              Hold (Min at Fast Process Corner)
  Data Path Delay:        1.009ns  (logic 0.228ns (22.566%)  route 0.781ns (77.434%))
  Logic Levels:           1  (IBUF=1)
  Clock Path Skew:        1.919ns (DCD - SCD - CPR)
    Destination Clock Delay (DCD):    1.919ns
    Source Clock Delay      (SCD):    0.000ns
    Clock Pessimism Removal (CPR):    -0.000ns

    Location             Delay type                Incr(ns)  Path(ns)    Netlist Resource(s)
  -------------------------------------------------------------------    -------------------
    G15                                               0.000     0.000 r  btn
                         net (fo=0)                   0.000     0.000    btn
    G15                  IBUF (Prop_ibuf_I_O)         0.228     0.228 r  btn_IBUF_inst/O
                         net (fo=1, routed)           0.781     1.009    btn_IBUF
    SLICE_X8Y45          FDRE                                         r  rst_s_reg[0]/D
  -------------------------------------------------------------------    -------------------

                         (clock sys_clk_pin rise edge)
                                                      0.000     0.000 r  <hidden>
    R2                                                0.000     0.000 r  clk
                         net (fo=0)                   0.000     0.000    clk
    R2                   IBUF (Prop_ibuf_I_O)         0.375     0.375 r  clk_IBUF_inst/O
                         net (fo=1, routed)           0.683     1.058    clk_IBUF
    BUFGCTRL_X0Y0        BUFG (Prop_bufg_I_O)         0.029     1.087 r  clk_IBUF_BUFG_inst/O
                         net (fo=1275, routed)        0.832     1.919    clk_IBUF_BUFG
    SLICE_X8Y45          FDRE                                         r  rst_s_reg[0]/C





